{"mean":{"confidence_interval":{"confidence_level":0.95,"lower_bound":236478.2238536267,"upper_bound":240160.6220367127},"point_estimate":238281.7804186197,"standard_error":936.5830233562433},"median":{"confidence_interval":{"confidence_level":0.95,"lower_bound":234903.2258064516,"upper_bound":239687.5},"point_estimate":236541.27422480623,"standard_error":1205.1310364308345},"median_abs_dev":{"confidence_interval":{"confidence_level":0.95,"lower_bound":5447.010528296225,"upper_bound":9735.83204446741},"point_estimate":6964.60545114215,"standard_error":1069.795947695032},"slope":{"confidence_interval":{"confidence_level":0.95,"lower_bound":235051.71538736412,"upper_bound":238373.75415207006},"point_estimate":236738.0859317275,"standard_error":843.3371049827695},"std_dev":{"confidence_interval":{"confidence_level":0.95,"lower_bound":7370.553846119951,"upper_bound":11469.21687438116},"point_estimate":9441.414960401438,"standard_error":1048.5295811294177}}