{"mean":{"confidence_interval":{"confidence_level":0.95,"lower_bound":31704.945327907863,"upper_bound":31831.09756411066},"point_estimate":31761.657717954076,"standard_error":32.3896279759106},"median":{"confidence_interval":{"confidence_level":0.95,"lower_bound":31673.451364012126,"upper_bound":31708.662982354082},"point_estimate":31688.419776648698,"standard_error":9.336082405363488},"median_abs_dev":{"confidence_interval":{"confidence_level":0.95,"lower_bound":25.10550740769501,"upper_bound":104.07955312604145},"point_estimate":47.18550884363834,"standard_error":22.274856383604728},"slope":{"confidence_interval":{"confidence_level":0.95,"lower_bound":31684.288998357686,"upper_bound":31788.14982346467},"point_estimate":31729.222321542587,"standard_error":26.71926224529952},"std_dev":{"confidence_interval":{"confidence_level":0.95,"lower_bound":95.46016755881627,"upper_bound":286.62625398802317},"point_estimate":208.43779779269076,"standard_error":48.38365001967029}}