{"mean":{"confidence_interval":{"confidence_level":0.95,"lower_bound":32330736.675,"upper_bound":33812654.0625},"point_estimate":33027327.5,"standard_error":378209.6534623216},"median":{"confidence_interval":{"confidence_level":0.95,"lower_bound":31252000.0,"upper_bound":32082250.0},"point_estimate":31705650.0,"standard_error":216463.0963692867},"median_abs_dev":{"confidence_interval":{"confidence_level":0.95,"lower_bound":1073105.8609485626,"upper_bound":2297807.569205761},"point_estimate":1528041.6628718376,"standard_error":300560.6331015016},"slope":null,"std_dev":{"confidence_interval":{"confidence_level":0.95,"lower_bound":2663257.816433269,"upper_bound":4909623.107275832},"point_estimate":3803960.8147123996,"standard_error":582241.4677870149}}