{"mean":{"confidence_interval":{"confidence_level":0.95,"lower_bound":1408.4791880275002,"upper_bound":1411.8628157491091},"point_estimate":1410.1211054233202,"standard_error":0.8620120592907536},"median":{"confidence_interval":{"confidence_level":0.95,"lower_bound":1408.2477511774648,"upper_bound":1411.3986524892132},"point_estimate":1410.2854127472124,"standard_error":0.9462025476643623},"median_abs_dev":{"confidence_interval":{"confidence_level":0.95,"lower_bound":4.670071687424842,"upper_bound":7.666221448469403},"point_estimate":6.079417115106816,"standard_error":0.7716138272062045},"slope":{"confidence_interval":{"confidence_level":0.95,"lower_bound":1409.8096992620642,"upper_bound":1414.9664829885967},"point_estimate":1412.2528848371132,"standard_error":1.3147548248321843},"std_dev":{"confidence_interval":{"confidence_level":0.95,"lower_bound":6.592795318446104,"upper_bound":10.626341129303762},"point_estimate":8.685398475110787,"standard_error":1.0317686110376723}}