{"mean":{"confidence_interval":{"confidence_level":0.95,"lower_bound":0.15892200865383918,"upper_bound":0.29550435604878833},"point_estimate":0.22233388223122663,"standard_error":0.03467780583992207},"median":{"confidence_interval":{"confidence_level":0.95,"lower_bound":0.24620659729081465,"upper_bound":0.30062622929146654},"point_estimate":0.27421751894363533,"standard_error":0.01264144597032371}}