{"mean":{"confidence_interval":{"confidence_level":0.95,"lower_bound":9646706.9625,"upper_bound":9684725.183333334},"point_estimate":9663951.499999998,"standard_error":9727.737428592605},"median":{"confidence_interval":{"confidence_level":0.95,"lower_bound":9636133.333333334,"upper_bound":9647216.666666668},"point_estimate":9640141.666666668,"standard_error":3058.06814860351},"median_abs_dev":{"confidence_interval":{"confidence_level":0.95,"lower_bound":27205.709517003488,"upper_bound":48196.85414433295},"point_estimate":37200.90433955377,"standard_error":5643.360913687517},"slope":null,"std_dev":{"confidence_interval":{"confidence_level":0.95,"lower_bound":50683.38547610197,"upper_bound":139669.75172941232},"point_estimate":98146.9174938886,"standard_error":22991.46600741485}}