{"mean":{"confidence_interval":{"confidence_level":0.95,"lower_bound":13759.123537654747,"upper_bound":14174.523071017278},"point_estimate":13966.423816576656,"standard_error":106.2144873853459},"median":{"confidence_interval":{"confidence_level":0.95,"lower_bound":13695.15,"upper_bound":14342.454545454546},"point_estimate":14032.58699436764,"standard_error":171.6141439170752},"median_abs_dev":{"confidence_interval":{"confidence_level":0.95,"lower_bound":974.9166949734556,"upper_bound":1518.5287765760788},"point_estimate":1294.6411473711892,"standard_error":139.38765086804577},"slope":{"confidence_interval":{"confidence_level":0.95,"lower_bound":13909.432274859304,"upper_bound":14343.065982153283},"point_estimate":14123.55682577213,"standard_error":110.53653288588856},"std_dev":{"confidence_interval":{"confidence_level":0.95,"lower_bound":942.7370094084794,"upper_bound":1192.9508865581704},"point_estimate":1071.8155542454779,"standard_error":64.14117600217409}}