{"mean":{"confidence_interval":{"confidence_level":0.95,"lower_bound":306.8375602375752,"upper_bound":311.42619788156844},"point_estimate":308.9302867119493,"standard_error":1.1736031013599078},"median":{"confidence_interval":{"confidence_level":0.95,"lower_bound":304.44523336530983,"upper_bound":305.33262468317633},"point_estimate":304.8588274419918,"standard_error":0.2532088347895666},"median_abs_dev":{"confidence_interval":{"confidence_level":0.95,"lower_bound":1.367641079219231,"upper_bound":2.959146957984699},"point_estimate":2.0565991829211763,"standard_error":0.4236888076040343},"slope":{"confidence_interval":{"confidence_level":0.95,"lower_bound":306.3772463405233,"upper_bound":311.2410327807504},"point_estimate":308.5456047220212,"standard_error":1.2419444930111792},"std_dev":{"confidence_interval":{"confidence_level":0.95,"lower_bound":6.930483254746076,"upper_bound":15.865436133158491},"point_estimate":11.809789075088917,"standard_error":2.2683093538822603}}