{"mean":{"confidence_interval":{"confidence_level":0.95,"lower_bound":-0.07232730743064203,"upper_bound":0.013219306478333515},"point_estimate":-0.03188901123100596,"standard_error":0.021853972250874792},"median":{"confidence_interval":{"confidence_level":0.95,"lower_bound":-0.028320369558334946,"upper_bound":0.005943426196409307},"point_estimate":-0.002698053001665035,"standard_error":0.00795779022437206}}