{"mean":{"confidence_interval":{"confidence_level":0.95,"lower_bound":1682578.8880749738,"upper_bound":1700187.5504299793},"point_estimate":1690048.2977547986,"standard_error":4565.626980925568},"median":{"confidence_interval":{"confidence_level":0.95,"lower_bound":1679293.75,"upper_bound":1682790.7834101385},"point_estimate":1680430.2521008402,"standard_error":917.3794434128423},"median_abs_dev":{"confidence_interval":{"confidence_level":0.95,"lower_bound":5319.640234505063,"upper_bound":11339.228576831245},"point_estimate":8057.403505357541,"standard_error":1513.4717987848173},"slope":{"confidence_interval":{"confidence_level":0.95,"lower_bound":1682274.2117334118,"upper_bound":1688182.2184724635},"point_estimate":1685024.4929806413,"standard_error":1507.8092020941142},"std_dev":{"confidence_interval":{"confidence_level":0.95,"lower_bound":10626.774099841099,"upper_bound":70685.1835736674},"point_estimate":46037.713860816235,"standard_error":15930.486238585532}}