{"mean":{"confidence_interval":{"confidence_level":0.95,"lower_bound":11138039.680000002,"upper_bound":11315098.465},"point_estimate":11226790.4,"standard_error":45267.93050254495},"median":{"confidence_interval":{"confidence_level":0.95,"lower_bound":11032380.0,"upper_bound":11408900.0},"point_estimate":11235930.0,"standard_error":111438.58287642078},"median_abs_dev":{"confidence_interval":{"confidence_level":0.95,"lower_bound":476996.8895316124,"upper_bound":701699.7415423393},"point_estimate":634775.1787304878,"standard_error":58558.21422707103},"slope":null,"std_dev":{"confidence_interval":{"confidence_level":0.95,"lower_bound":414414.5516755645,"upper_bound":487800.31356457545},"point_estimate":454289.02475846803,"standard_error":18740.750165969937}}