{"mean":{"confidence_interval":{"confidence_level":0.95,"lower_bound":4650859.611363636,"upper_bound":4680147.843181819},"point_estimate":4663468.272727273,"standard_error":7533.341886700187},"median":{"confidence_interval":{"confidence_level":0.95,"lower_bound":4641318.181818182,"upper_bound":4653472.7272727275},"point_estimate":4646368.181818182,"standard_error":3391.491108444699},"median_abs_dev":{"confidence_interval":{"confidence_level":0.95,"lower_bound":20122.925097292497,"upper_bound":36081.09208670548},"point_estimate":27266.361334106576,"standard_error":4238.117562442082},"slope":null,"std_dev":{"confidence_interval":{"confidence_level":0.95,"lower_bound":28240.3996947369,"upper_bound":116581.21208329558},"point_estimate":75859.82377606632,"standard_error":23800.930634611217}}