{"mean":{"confidence_interval":{"confidence_level":0.95,"lower_bound":-0.04089383440914945,"upper_bound":-0.022887104762605023},"point_estimate":-0.03176861924916774,"standard_error":0.0045922943375822705},"median":{"confidence_interval":{"confidence_level":0.95,"lower_bound":-0.03125776540653913,"upper_bound":-0.0211082025778163},"point_estimate":-0.027247372841635142,"standard_error":0.0023718623393717306}}