{"mean":{"confidence_interval":{"confidence_level":0.95,"lower_bound":11555137.455,"upper_bound":11716194.4},"point_estimate":11632037.2,"standard_error":41034.2056965308},"median":{"confidence_interval":{"confidence_level":0.95,"lower_bound":11481000.0,"upper_bound":11600520.0},"point_estimate":11533500.0,"standard_error":35004.74286386169},"median_abs_dev":{"confidence_interval":{"confidence_level":0.95,"lower_bound":192678.6925792694,"upper_bound":361754.3935775757},"point_estimate":281560.5610013008,"standard_error":42669.24891272912},"slope":null,"std_dev":{"confidence_interval":{"confidence_level":0.95,"lower_bound":305082.60057722253,"upper_bound":515608.1015459299},"point_estimate":416259.3563508892,"standard_error":53766.11647057508}}