{"mean":{"confidence_interval":{"confidence_level":0.95,"lower_bound":26821942.425,"upper_bound":27124875.025},"point_estimate":26958685.0,"standard_error":77479.9033215959},"median":{"confidence_interval":{"confidence_level":0.95,"lower_bound":26754770.0,"upper_bound":27015430.0},"point_estimate":26857210.0,"standard_error":63966.6666057512},"median_abs_dev":{"confidence_interval":{"confidence_level":0.95,"lower_bound":197289.57849740982,"upper_bound":485299.4493842125},"point_estimate":380435.1532459259,"standard_error":73541.42599565582},"slope":null,"std_dev":{"confidence_interval":{"confidence_level":0.95,"lower_bound":276431.675985758,"upper_bound":720003.2852883061},"point_estimate":495917.9743331216,"standard_error":130804.61950866459}}