{"mean":{"confidence_interval":{"confidence_level":0.95,"lower_bound":2589177.045833333,"upper_bound":2669760.766666668},"point_estimate":2627695.833333333,"standard_error":20633.052988820506},"median":{"confidence_interval":{"confidence_level":0.95,"lower_bound":2507566.6666666665,"upper_bound":2594361.111111111},"point_estimate":2532022.222222222,"standard_error":19827.152819855768},"median_abs_dev":{"confidence_interval":{"confidence_level":0.95,"lower_bound":49362.34245697665,"upper_bound":161459.25546685816},"point_estimate":87353.96678249014,"standard_error":25267.850481741178},"slope":null,"std_dev":{"confidence_interval":{"confidence_level":0.95,"lower_bound":156600.58941195317,"upper_bound":255031.80717314762},"point_estimate":207114.32537975928,"standard_error":25314.72810732967}}