{"mean":{"confidence_interval":{"confidence_level":0.95,"lower_bound":117305343.675,"upper_bound":121250370.05},"point_estimate":119145248.0,"standard_error":1006098.8352332897},"median":{"confidence_interval":{"confidence_level":0.95,"lower_bound":114745100.0,"upper_bound":116402800.0},"point_estimate":115791250.0,"standard_error":390408.3322112642},"median_abs_dev":{"confidence_interval":{"confidence_level":0.95,"lower_bound":2236576.1902928352,"upper_bound":4063510.0078582764},"point_estimate":3146596.054136753,"standard_error":434023.0418083274},"slope":null,"std_dev":{"confidence_interval":{"confidence_level":0.95,"lower_bound":6765567.4001542,"upper_bound":13017656.673306428},"point_estimate":10138589.20535024,"standard_error":1597453.0965205089}}