{"mean":{"confidence_interval":{"confidence_level":0.95,"lower_bound":50426723.3125,"upper_bound":51096223.89583333},"point_estimate":50754973.333333336,"standard_error":171113.78411534888},"median":{"confidence_interval":{"confidence_level":0.95,"lower_bound":50197150.0,"upper_bound":51212716.66666667},"point_estimate":50512783.333333336,"standard_error":293855.82824149355},"median_abs_dev":{"confidence_interval":{"confidence_level":0.95,"lower_bound":741336.4340886523,"upper_bound":1594462.1416926384},"point_estimate":1239058.2180023175,"standard_error":211310.18064771415},"slope":null,"std_dev":{"confidence_interval":{"confidence_level":0.95,"lower_bound":881242.4388768272,"upper_bound":1258554.3445716861},"point_estimate":1091584.555173816,"standard_error":96475.05682305704}}