{"mean":{"confidence_interval":{"confidence_level":0.95,"lower_bound":22158948.729166668,"upper_bound":23063170.708333332},"point_estimate":22574567.500000004,"standard_error":231321.44214908956},"median":{"confidence_interval":{"confidence_level":0.95,"lower_bound":22018091.666666664,"upper_bound":22599591.666666668},"point_estimate":22371000.0,"standard_error":175542.07955505463},"median_abs_dev":{"confidence_interval":{"confidence_level":0.95,"lower_bound":588728.0945479859,"upper_bound":1405838.36004138},"point_estimate":1117979.2201519003,"standard_error":215577.35776281744},"slope":null,"std_dev":{"confidence_interval":{"confidence_level":0.95,"lower_bound":818760.6753497624,"upper_bound":2015358.7895866404},"point_estimate":1484189.5599953828,"standard_error":310930.26932667365}}