{"mean":{"confidence_interval":{"confidence_level":0.95,"lower_bound":1486852.4472335996,"upper_bound":1546084.722496797},"point_estimate":1515384.4201624403,"standard_error":15148.906141192821},"median":{"confidence_interval":{"confidence_level":0.95,"lower_bound":1424304.4642857143,"upper_bound":1480015.9042553192},"point_estimate":1449937.8277886496,"standard_error":12836.0969055055},"median_abs_dev":{"confidence_interval":{"confidence_level":0.95,"lower_bound":48580.66364914877,"upper_bound":120681.63280931524},"point_estimate":83395.58218235389,"standard_error":17862.145198793896},"slope":{"confidence_interval":{"confidence_level":0.95,"lower_bound":1465114.7048485111,"upper_bound":1571758.0863847833},"point_estimate":1514824.2538791192,"standard_error":27461.41396384261},"std_dev":{"confidence_interval":{"confidence_level":0.95,"lower_bound":121678.17802411264,"upper_bound":180979.56554964813},"point_estimate":152607.00212648354,"standard_error":15198.223047884569}}