{"mean":{"confidence_interval":{"confidence_level":0.95,"lower_bound":14933.330135351587,"upper_bound":15423.511299585443},"point_estimate":15177.473661923017,"standard_error":125.04826139378152},"median":{"confidence_interval":{"confidence_level":0.95,"lower_bound":14323.725490196079,"upper_bound":15427.929864253394},"point_estimate":15046.759319112261,"standard_error":291.9505491552282},"median_abs_dev":{"confidence_interval":{"confidence_level":0.95,"lower_bound":864.7115635910569,"upper_bound":2014.9021603796116},"point_estimate":1647.3575198375456,"standard_error":313.38127006802074},"slope":{"confidence_interval":{"confidence_level":0.95,"lower_bound":14838.085051417398,"upper_bound":15420.31336076306},"point_estimate":15124.733751162648,"standard_error":148.6215773475473},"std_dev":{"confidence_interval":{"confidence_level":0.95,"lower_bound":1137.8285773271778,"upper_bound":1356.4825306789196},"point_estimate":1257.818184174691,"standard_error":55.69696619948406}}