{"mean":{"confidence_interval":{"confidence_level":0.95,"lower_bound":-0.03454964938132837,"upper_bound":-0.011532006634527374},"point_estimate":-0.02239999231693046,"standard_error":0.005877240330683998},"median":{"confidence_interval":{"confidence_level":0.95,"lower_bound":-0.021363301051864014,"upper_bound":-0.00897850957336932},"point_estimate":-0.015122999043618912,"standard_error":0.0031313155433764584}}