{"mean":{"confidence_interval":{"confidence_level":0.95,"lower_bound":124785654.275,"upper_bound":126215608.1},"point_estimate":125429288.0,"standard_error":366723.2890007088},"median":{"confidence_interval":{"confidence_level":0.95,"lower_bound":124227300.0,"upper_bound":124654800.0},"point_estimate":124392000.0,"standard_error":92033.17864592158},"median_abs_dev":{"confidence_interval":{"confidence_level":0.95,"lower_bound":745006.4867734909,"upper_bound":1275705.0006017084},"point_estimate":1034335.8716368675,"standard_error":139123.28839293783},"slope":null,"std_dev":{"confidence_interval":{"confidence_level":0.95,"lower_bound":1950532.5818959342,"upper_bound":5188477.62085637},"point_estimate":3666106.9429336432,"standard_error":835831.2635637746}}