{"mean":{"confidence_interval":{"confidence_level":0.95,"lower_bound":3722807.7522727265,"upper_bound":3782233.040909091},"point_estimate":3750791.5454545454,"standard_error":15225.835979587106},"median":{"confidence_interval":{"confidence_level":0.95,"lower_bound":3682809.090909091,"upper_bound":3709081.8181818184},"point_estimate":3700209.090909091,"standard_error":6689.778544044827},"median_abs_dev":{"confidence_interval":{"confidence_level":0.95,"lower_bound":32536.330331455294,"upper_bound":59074.86986030238},"point_estimate":44626.259207725525,"standard_error":6719.192819485693},"slope":null,"std_dev":{"confidence_interval":{"confidence_level":0.95,"lower_bound":105716.72293562596,"upper_bound":191517.70000001002},"point_estimate":153035.72698161277,"standard_error":21945.537986474355}}