{"mean":{"confidence_interval":{"confidence_level":0.95,"lower_bound":852295.5296461482,"upper_bound":882589.4000763327},"point_estimate":866788.986609513,"standard_error":7751.021677775933},"median":{"confidence_interval":{"confidence_level":0.95,"lower_bound":825508.75,"upper_bound":837682.4003795066},"point_estimate":829181.6923076923,"standard_error":3131.7127835379324},"median_abs_dev":{"confidence_interval":{"confidence_level":0.95,"lower_bound":10121.098663658137,"upper_bound":27573.38114213604},"point_estimate":16608.713549789194,"standard_error":4694.550184790309},"slope":{"confidence_interval":{"confidence_level":0.95,"lower_bound":872632.8472358411,"upper_bound":925834.741089147},"point_estimate":898658.6024826363,"standard_error":13613.659984427562},"std_dev":{"confidence_interval":{"confidence_level":0.95,"lower_bound":59355.42600862901,"upper_bound":92617.51799887122},"point_estimate":77661.96331374058,"standard_error":8492.3448575854}}