{"mean":{"confidence_interval":{"confidence_level":0.95,"lower_bound":-0.13941483837657692,"upper_bound":-0.07310866216882565},"point_estimate":-0.10561742058680756,"standard_error":0.016991451910425504},"median":{"confidence_interval":{"confidence_level":0.95,"lower_bound":-0.047465560073782664,"upper_bound":-0.029643764340715473},"point_estimate":-0.03452774402231684,"standard_error":0.004404629462513965}}