{"mean":{"confidence_interval":{"confidence_level":0.95,"lower_bound":6173365.644444444,"upper_bound":6258454.219444445},"point_estimate":6205925.777777775,"standard_error":22827.52842117251},"median":{"confidence_interval":{"confidence_level":0.95,"lower_bound":6161611.111111111,"upper_bound":6176833.333333334},"point_estimate":6170061.111111111,"standard_error":3916.749582847282},"median_abs_dev":{"confidence_interval":{"confidence_level":0.95,"lower_bound":18449.927089114408,"upper_bound":33671.492735544685},"point_estimate":23738.07291189814,"standard_error":4134.534509743096},"slope":null,"std_dev":{"confidence_interval":{"confidence_level":0.95,"lower_bound":27230.13260699439,"upper_bound":381227.44463841623},"point_estimate":229210.88034055472,"standard_error":106905.29185576968}}