{"mean":{"confidence_interval":{"confidence_level":0.95,"lower_bound":-0.27789444891253384,"upper_bound":-0.22418562283253182},"point_estimate":-0.25225750449248086,"standard_error":0.012852340349323598},"median":{"confidence_interval":{"confidence_level":0.95,"lower_bound":-0.30474720743925443,"upper_bound":-0.3016435320036377},"point_estimate":-0.3031470176731008,"standard_error":0.0007735361577806551}}