{"mean":{"confidence_interval":{"confidence_level":0.95,"lower_bound":0.08049234479283633,"upper_bound":0.1817719852142559},"point_estimate":0.12898437552324915,"standard_error":0.02569083954105342},"median":{"confidence_interval":{"confidence_level":0.95,"lower_bound":0.1641095340030696,"upper_bound":0.23727525252203918},"point_estimate":0.20026275381787095,"standard_error":0.018978991916624083}}