{"mean":{"confidence_interval":{"confidence_level":0.95,"lower_bound":20339911.276785713,"upper_bound":20585459.29464286},"point_estimate":20454937.857142854,"standard_error":62816.60364556218},"median":{"confidence_interval":{"confidence_level":0.95,"lower_bound":20256914.285714284,"upper_bound":20371207.14285714},"point_estimate":20288850.0,"standard_error":27575.912220875536},"median_abs_dev":{"confidence_interval":{"confidence_level":0.95,"lower_bound":77550.56862320613,"upper_bound":307099.40454789886},"point_estimate":145866.65741034955,"standard_error":58215.65471647953},"slope":null,"std_dev":{"confidence_interval":{"confidence_level":0.95,"lower_bound":260363.04264201835,"upper_bound":502023.328305065},"point_estimate":401561.4368331997,"standard_error":61691.30978346523}}