{"mean":{"confidence_interval":{"confidence_level":0.95,"lower_bound":302506.0182692309,"upper_bound":422242.1240384615},"point_estimate":344523.8461538462,"standard_error":36597.4598398588},"median":{"confidence_interval":{"confidence_level":0.95,"lower_bound":293800.0,"upper_bound":317284.6153846154},"point_estimate":308201.92307692306,"standard_error":5702.388196431726},"median_abs_dev":{"confidence_interval":{"confidence_level":0.95,"lower_bound":28018.288348729813,"upper_bound":47862.39004450352},"point_estimate":36397.82935380936,"standard_error":5299.156330471247},"slope":null,"std_dev":{"confidence_interval":{"confidence_level":0.95,"lower_bound":33050.15261425765,"upper_bound":629544.5686565926},"point_estimate":367964.2530763657,"standard_error":214165.04216840144}}