{"mean":{"confidence_interval":{"confidence_level":0.95,"lower_bound":-0.1393101733294283,"upper_bound":-0.11066627034973961},"point_estimate":-0.12495915563297777,"standard_error":0.007472156707743445},"median":{"confidence_interval":{"confidence_level":0.95,"lower_bound":-0.15918273904856395,"upper_bound":-0.1419550877331689},"point_estimate":-0.14994806930759563,"standard_error":0.004765599203419471}}