{"mean":{"confidence_interval":{"confidence_level":0.95,"lower_bound":5420895.1025,"upper_bound":5480846.8149999995},"point_estimate":5449581.0,"standard_error":15347.527615348841},"median":{"confidence_interval":{"confidence_level":0.95,"lower_bound":5385110.0,"upper_bound":5441390.0},"point_estimate":5409510.0,"standard_error":13470.876186069425},"median_abs_dev":{"confidence_interval":{"confidence_level":0.95,"lower_bound":86309.55746769905,"upper_bound":148764.0813589096},"point_estimate":110609.37103629112,"standard_error":15819.170638030137},"slope":null,"std_dev":{"confidence_interval":{"confidence_level":0.95,"lower_bound":114983.66373766595,"upper_bound":193218.50517244296},"point_estimate":155004.35810425825,"standard_error":20205.330282822826}}