{"mean":{"confidence_interval":{"confidence_level":0.95,"lower_bound":92901199.325,"upper_bound":94918080.075},"point_estimate":93810395.0,"standard_error":517426.1459781232},"median":{"confidence_interval":{"confidence_level":0.95,"lower_bound":91770200.0,"upper_bound":92377300.0},"point_estimate":92087000.0,"standard_error":174558.22099765373},"median_abs_dev":{"confidence_interval":{"confidence_level":0.95,"lower_bound":760722.046494484,"upper_bound":1548130.8925151825},"point_estimate":1180149.5790481567,"standard_error":224188.33591914029},"slope":null,"std_dev":{"confidence_interval":{"confidence_level":0.95,"lower_bound":2860819.5466273744,"upper_bound":7523697.396417454},"point_estimate":5232941.742584937,"standard_error":1262035.7542649473}}