{"mean":{"confidence_interval":{"confidence_level":0.95,"lower_bound":5295691.2330724,"upper_bound":5334416.193647109},"point_estimate":5313070.349964874,"standard_error":9961.569369718913},"median":{"confidence_interval":{"confidence_level":0.95,"lower_bound":5286249.826388889,"upper_bound":5300087.648809524},"point_estimate":5292939.194139194,"standard_error":3661.8679335120173},"median_abs_dev":{"confidence_interval":{"confidence_level":0.95,"lower_bound":11262.431706301868,"upper_bound":43372.12022136973},"point_estimate":29285.18086255526,"standard_error":8797.132397088528},"slope":{"confidence_interval":{"confidence_level":0.95,"lower_bound":5295045.717926798,"upper_bound":5339768.221030296},"point_estimate":5314254.780939476,"standard_error":11536.498403062367},"std_dev":{"confidence_interval":{"confidence_level":0.95,"lower_bound":31683.017170198596,"upper_bound":90677.90693159994},"point_estimate":63907.953729013956,"standard_error":15657.531947828784}}