{"mean":{"confidence_interval":{"confidence_level":0.95,"lower_bound":43698394.275,"upper_bound":44075193.3875},"point_estimate":43877813.5,"standard_error":96384.05370502055},"median":{"confidence_interval":{"confidence_level":0.95,"lower_bound":43481750.0,"upper_bound":43741400.0},"point_estimate":43612300.0,"standard_error":70116.39794841873},"median_abs_dev":{"confidence_interval":{"confidence_level":0.95,"lower_bound":369426.8484413624,"upper_bound":682440.7678842545},"point_estimate":501192.92110204697,"standard_error":84105.9127561218},"slope":null,"std_dev":{"confidence_interval":{"confidence_level":0.95,"lower_bound":735450.1063841438,"upper_bound":1163001.496268374},"point_estimate":970038.3085962079,"standard_error":109165.98891657511}}