{"mean":{"confidence_interval":{"confidence_level":0.95,"lower_bound":8977712.8125,"upper_bound":9283544.741666669},"point_estimate":9126406.333333334,"standard_error":78196.65188538395},"median":{"confidence_interval":{"confidence_level":0.95,"lower_bound":8637966.666666666,"upper_bound":8975733.333333334},"point_estimate":8762091.666666666,"standard_error":88903.09642266031},"median_abs_dev":{"confidence_interval":{"confidence_level":0.95,"lower_bound":314854.8144102087,"upper_bound":763242.4664497375},"point_estimate":485786.23637556843,"standard_error":118440.29738531436},"slope":null,"std_dev":{"confidence_interval":{"confidence_level":0.95,"lower_bound":667242.9896449476,"upper_bound":885995.6039024806},"point_estimate":787618.3082092332,"standard_error":55812.01198289388}}