{"mean":{"confidence_interval":{"confidence_level":0.95,"lower_bound":37173256.025,"upper_bound":41029763.1875},"point_estimate":39037548.5,"standard_error":987565.6922278549},"median":{"confidence_interval":{"confidence_level":0.95,"lower_bound":33016350.0,"upper_bound":35584800.0},"point_estimate":34141475.0,"standard_error":738266.6548845982},"median_abs_dev":{"confidence_interval":{"confidence_level":0.95,"lower_bound":2439951.8416821957,"upper_bound":6266653.568744659},"point_estimate":4104281.5071344376,"standard_error":1071334.2552264435},"slope":null,"std_dev":{"confidence_interval":{"confidence_level":0.95,"lower_bound":8106951.698953854,"upper_bound":11430112.60305261},"point_estimate":9909889.598072339,"standard_error":847295.6225979796}}