{"mean":{"confidence_interval":{"confidence_level":0.95,"lower_bound":2044763.6617647056,"upper_bound":2100653.197058823},"point_estimate":2071310.2941176468,"standard_error":14283.228200992658},"median":{"confidence_interval":{"confidence_level":0.95,"lower_bound":2004505.8823529412,"upper_bound":2062111.7647058824},"point_estimate":2021244.1176470588,"standard_error":14192.14566462368},"median_abs_dev":{"confidence_interval":{"confidence_level":0.95,"lower_bound":73218.41772952492,"upper_bound":141370.26807841135},"point_estimate":98553.65295620507,"standard_error":17424.652405219833},"slope":null,"std_dev":{"confidence_interval":{"confidence_level":0.95,"lower_bound":104624.19327165642,"upper_bound":188988.21349586485},"point_estimate":143629.11496757745,"standard_error":23908.584466852437}}