{"mean":{"confidence_interval":{"confidence_level":0.95,"lower_bound":2315636.7513157884,"upper_bound":2448184.7421052638},"point_estimate":2380837.5263157906,"standard_error":33827.749519279445},"median":{"confidence_interval":{"confidence_level":0.95,"lower_bound":2366828.947368421,"upper_bound":2459947.3684210526},"point_estimate":2432763.157894737,"standard_error":28287.68543628714},"median_abs_dev":{"confidence_interval":{"confidence_level":0.95,"lower_bound":214649.166018163,"upper_bound":491942.2775820683},"point_estimate":349339.5695874566,"standard_error":73652.50384948806},"slope":null,"std_dev":{"confidence_interval":{"confidence_level":0.95,"lower_bound":285195.1544453271,"upper_bound":388165.9732335645},"point_estimate":339498.4401959266,"standard_error":26362.341223444277}}