{"mean":{"confidence_interval":{"confidence_level":0.95,"lower_bound":-0.009652634719970217,"upper_bound":0.04114155959816838},"point_estimate":0.01609372567188272,"standard_error":0.012945401112511988},"median":{"confidence_interval":{"confidence_level":0.95,"lower_bound":-0.025206188498947624,"upper_bound":0.09663826284228716},"point_estimate":0.034129560355167454,"standard_error":0.03469386768392166}}