{"mean":{"confidence_interval":{"confidence_level":0.95,"lower_bound":121958177.55,"upper_bound":122310188.3},"point_estimate":122127785.0,"standard_error":89875.5089119856},"median":{"confidence_interval":{"confidence_level":0.95,"lower_bound":121767650.0,"upper_bound":122181900.0},"point_estimate":121952000.0,"standard_error":109505.53002170738},"median_abs_dev":{"confidence_interval":{"confidence_level":0.95,"lower_bound":556345.6401228905,"upper_bound":919434.3736767769},"point_estimate":730921.7870235443,"standard_error":93969.77630202663},"slope":null,"std_dev":{"confidence_interval":{"confidence_level":0.95,"lower_bound":700205.9657263937,"upper_bound":1114354.4300804893},"point_estimate":902898.0806913711,"standard_error":107389.23568262652}}