{"mean":{"confidence_interval":{"confidence_level":0.95,"lower_bound":-0.09325573631876438,"upper_bound":-0.02975657008685179},"point_estimate":-0.062339054765410684,"standard_error":0.016223674318945544},"median":{"confidence_interval":{"confidence_level":0.95,"lower_bound":-0.08777956880139937,"upper_bound":-0.006479660984234359},"point_estimate":-0.026682543117383273,"standard_error":0.018227984469912303}}