{"mean":{"confidence_interval":{"confidence_level":0.95,"lower_bound":164137218.275,"upper_bound":172267840.425},"point_estimate":168076305.0,"standard_error":2082724.6341778953},"median":{"confidence_interval":{"confidence_level":0.95,"lower_bound":157217900.0,"upper_bound":163120050.0},"point_estimate":159818150.0,"standard_error":1504535.605383653},"median_abs_dev":{"confidence_interval":{"confidence_level":0.95,"lower_bound":8496335.66915989,"upper_bound":17463989.8699522},"point_estimate":11898902.60875225,"standard_error":2194685.0199786862},"slope":null,"std_dev":{"confidence_interval":{"confidence_level":0.95,"lower_bound":17127245.41885446,"upper_bound":24018385.45951555},"point_estimate":20878059.62418405,"standard_error":1758997.1464991313}}