{"mean":{"confidence_interval":{"confidence_level":0.95,"lower_bound":13316271.7625,"upper_bound":13929158.48125},"point_estimate":13616025.5,"standard_error":156925.66199107326},"median":{"confidence_interval":{"confidence_level":0.95,"lower_bound":12713775.0,"upper_bound":13445900.0},"point_estimate":13012650.0,"standard_error":212906.08877009506},"median_abs_dev":{"confidence_interval":{"confidence_level":0.95,"lower_bound":839763.1575912237,"upper_bound":1737014.1291618347},"point_estimate":1205390.8436000347,"standard_error":242123.6307845248},"slope":null,"std_dev":{"confidence_interval":{"confidence_level":0.95,"lower_bound":1350520.6869299633,"upper_bound":1768881.305454042},"point_estimate":1580434.997365033,"standard_error":106668.69108678777}}