{"mean":{"confidence_interval":{"confidence_level":0.95,"lower_bound":-0.10818012448630412,"upper_bound":-0.06674652787400182},"point_estimate":-0.08683671627672085,"standard_error":0.010555090279687495},"median":{"confidence_interval":{"confidence_level":0.95,"lower_bound":-0.1004067727882022,"upper_bound":-0.05027391166466344},"point_estimate":-0.08118681326665356,"standard_error":0.011913186150367515}}