{"mean":{"confidence_interval":{"confidence_level":0.95,"lower_bound":14767733.891666668,"upper_bound":15198582.716666661},"point_estimate":14961537.333333338,"standard_error":110528.80605642404},"median":{"confidence_interval":{"confidence_level":0.95,"lower_bound":14495633.333333334,"upper_bound":14707750.0},"point_estimate":14576816.666666666,"standard_error":61980.2232616529},"median_abs_dev":{"confidence_interval":{"confidence_level":0.95,"lower_bound":227752.06595659163,"upper_bound":472999.4293525809},"point_estimate":313273.3744382858,"standard_error":69444.2662511442},"slope":null,"std_dev":{"confidence_interval":{"confidence_level":0.95,"lower_bound":583959.8597999039,"upper_bound":1544373.2512327754},"point_estimate":1109963.459851747,"standard_error":246457.2671995459}}