{"mean":{"confidence_interval":{"confidence_level":0.95,"lower_bound":71477415.85,"upper_bound":71919219.35},"point_estimate":71684340.0,"standard_error":112603.47324554574},"median":{"confidence_interval":{"confidence_level":0.95,"lower_bound":71369650.0,"upper_bound":71695900.0},"point_estimate":71530950.0,"standard_error":75105.18435912051},"median_abs_dev":{"confidence_interval":{"confidence_level":0.95,"lower_bound":481474.34145212173,"upper_bound":857832.3447704315},"point_estimate":630994.5487976074,"standard_error":101244.07259633395},"slope":null,"std_dev":{"confidence_interval":{"confidence_level":0.95,"lower_bound":762810.0229877471,"upper_bound":1485176.3930322381},"point_estimate":1129894.998697139,"standard_error":187674.56839987866}}