{"mean":{"confidence_interval":{"confidence_level":0.95,"lower_bound":20181465.73214286,"upper_bound":20384311.303571433},"point_estimate":20273867.142857134,"standard_error":52010.70358512369},"median":{"confidence_interval":{"confidence_level":0.95,"lower_bound":20107385.714285716,"upper_bound":20307907.14285714},"point_estimate":20168257.14285714,"standard_error":51318.246334791795},"median_abs_dev":{"confidence_interval":{"confidence_level":0.95,"lower_bound":132788.00764254123,"upper_bound":279332.4250408565},"point_estimate":207045.08632421494,"standard_error":36916.48526496214},"slope":null,"std_dev":{"confidence_interval":{"confidence_level":0.95,"lower_bound":166657.2635214099,"upper_bound":458132.82973298494},"point_estimate":333941.135877706,"standard_error":72771.98118657498}}