{"mean":{"confidence_interval":{"confidence_level":0.95,"lower_bound":34397845.9,"upper_bound":36330474.8125},"point_estimate":35326845.5,"standard_error":494730.09778774204},"median":{"confidence_interval":{"confidence_level":0.95,"lower_bound":33033350.0,"upper_bound":35020170.62499999},"point_estimate":33973125.0,"standard_error":462301.2417507381},"median_abs_dev":{"confidence_interval":{"confidence_level":0.95,"lower_bound":2953457.755565646,"upper_bound":4907183.522880077},"point_estimate":4056949.5029747486,"standard_error":504514.77711736906},"slope":null,"std_dev":{"confidence_interval":{"confidence_level":0.95,"lower_bound":3740664.746760944,"upper_bound":6115959.51033674},"point_estimate":4964523.827263737,"standard_error":610487.1381480097}}