{"mean":{"confidence_interval":{"confidence_level":0.95,"lower_bound":-0.031174855384892362,"upper_bound":-0.008842834621816438},"point_estimate":-0.019358593853145423,"standard_error":0.00571031809348467},"median":{"confidence_interval":{"confidence_level":0.95,"lower_bound":-0.0164794999427329,"upper_bound":-0.005599818233456122},"point_estimate":-0.011301389188137279,"standard_error":0.002794276065567702}}