{"mean":{"confidence_interval":{"confidence_level":0.95,"lower_bound":22959392.947916668,"upper_bound":23622118.395833332},"point_estimate":23280064.16666666,"standard_error":169633.9842803926},"median":{"confidence_interval":{"confidence_level":0.95,"lower_bound":22620333.333333332,"upper_bound":23384875.0},"point_estimate":23111316.666666668,"standard_error":180306.14979818254},"median_abs_dev":{"confidence_interval":{"confidence_level":0.95,"lower_bound":643188.933581111,"upper_bound":1488653.923571108},"point_estimate":1044689.3614530545,"standard_error":225124.09507784268},"slope":null,"std_dev":{"confidence_interval":{"confidence_level":0.95,"lower_bound":809640.1574386213,"upper_bound":1300031.1270108456},"point_estimate":1088317.251818662,"standard_error":125344.75172696359}}