{"mean":{"confidence_interval":{"confidence_level":0.95,"lower_bound":-0.1185019822022194,"upper_bound":-0.0921708080125004},"point_estimate":-0.10607789421775338,"standard_error":0.006618881753663316},"median":{"confidence_interval":{"confidence_level":0.95,"lower_bound":-0.12516225339473863,"upper_bound":-0.12020791099784212},"point_estimate":-0.12191509131369949,"standard_error":0.0012631149066040415}}