{"mean":{"confidence_interval":{"confidence_level":0.95,"lower_bound":15489459.524999993,"upper_bound":15992074.500000002},"point_estimate":15729846.333333338,"standard_error":128276.85661084257},"median":{"confidence_interval":{"confidence_level":0.95,"lower_bound":15038400.0,"upper_bound":15451100.0},"point_estimate":15270650.0,"standard_error":106534.17415083374},"median_abs_dev":{"confidence_interval":{"confidence_level":0.95,"lower_bound":417426.02258920943,"upper_bound":860328.0547261247},"point_estimate":640754.9986243257,"standard_error":114822.06475140917},"slope":null,"std_dev":{"confidence_interval":{"confidence_level":0.95,"lower_bound":999526.8877006797,"upper_bound":1539408.7151275466},"point_estimate":1292073.4939371739,"standard_error":137641.3338454858}}