{"mean":{"confidence_interval":{"confidence_level":0.95,"lower_bound":22780615.906249993,"upper_bound":23182210.885416668},"point_estimate":22977499.58333334,"standard_error":102693.06510656214},"median":{"confidence_interval":{"confidence_level":0.95,"lower_bound":22477791.666666668,"upper_bound":23294741.666666668},"point_estimate":22974883.333333336,"standard_error":229622.0498103222},"median_abs_dev":{"confidence_interval":{"confidence_level":0.95,"lower_bound":365806.8335056314,"upper_bound":1008896.9270884981},"point_estimate":777141.8412029743,"standard_error":158068.42019577726},"slope":null,"std_dev":{"confidence_interval":{"confidence_level":0.95,"lower_bound":515765.355573743,"upper_bound":782159.947726757},"point_estimate":658871.2441226514,"standard_error":68327.29562915709}}