{"mean":{"confidence_interval":{"confidence_level":0.95,"lower_bound":65402095.0,"upper_bound":67637012.825},"point_estimate":66387920.0,"standard_error":577901.1232138503},"median":{"confidence_interval":{"confidence_level":0.95,"lower_bound":65011750.0,"upper_bound":66197400.0},"point_estimate":65482650.0,"standard_error":306182.1579761487},"median_abs_dev":{"confidence_interval":{"confidence_level":0.95,"lower_bound":1845466.3172364235,"upper_bound":3570856.862604615},"point_estimate":2548737.614750862,"standard_error":445684.97847006854},"slope":null,"std_dev":{"confidence_interval":{"confidence_level":0.95,"lower_bound":2676053.5995547576,"upper_bound":8702813.526711179},"point_estimate":5788984.09859082,"standard_error":1652235.8005722777}}