{"mean":{"confidence_interval":{"confidence_level":0.95,"lower_bound":1403459.7171007025,"upper_bound":1422754.3547820926},"point_estimate":1411986.593085986,"standard_error":4972.195499516123},"median":{"confidence_interval":{"confidence_level":0.95,"lower_bound":1395238.5416666665,"upper_bound":1409865.6862745099},"point_estimate":1401418.1746031744,"standard_error":3509.890756051991},"median_abs_dev":{"confidence_interval":{"confidence_level":0.95,"lower_bound":4880.315758945189,"upper_bound":23487.317069647856},"point_estimate":12551.046020763766,"standard_error":4265.023279199434},"slope":{"confidence_interval":{"confidence_level":0.95,"lower_bound":1403490.3848171486,"upper_bound":1439682.9257665062},"point_estimate":1417881.601174345,"standard_error":9836.131145465144},"std_dev":{"confidence_interval":{"confidence_level":0.95,"lower_bound":13759.866954460753,"upper_bound":46107.574848170836},"point_estimate":31931.11281605463,"standard_error":8566.326006458465}}