{"mean":{"confidence_interval":{"confidence_level":0.95,"lower_bound":0.17771751263131974,"upper_bound":0.26296730766338233},"point_estimate":0.2186685767989598,"standard_error":0.021715885464219258},"median":{"confidence_interval":{"confidence_level":0.95,"lower_bound":0.10664280487085853,"upper_bound":0.44789493776159883},"point_estimate":0.3875280568686583,"standard_error":0.1028661234967022}}