{"mean":{"confidence_interval":{"confidence_level":0.95,"lower_bound":11219528.8625,"upper_bound":11793789.88125},"point_estimate":11504030.75,"standard_error":146697.7822998618},"median":{"confidence_interval":{"confidence_level":0.95,"lower_bound":10995350.0,"upper_bound":11877950.0},"point_estimate":11444662.5,"standard_error":244554.27246046867},"median_abs_dev":{"confidence_interval":{"confidence_level":0.95,"lower_bound":1200535.3286862373,"upper_bound":2083275.3530144691},"point_estimate":1635344.8359668255,"standard_error":227249.2329238225},"slope":null,"std_dev":{"confidence_interval":{"confidence_level":0.95,"lower_bound":1299286.6985544078,"upper_bound":1629278.763907067},"point_estimate":1477974.0567402255,"standard_error":84424.62054013295}}