{"mean":{"confidence_interval":{"confidence_level":0.95,"lower_bound":146011529.55,"upper_bound":150152899.775},"point_estimate":147980156.0,"standard_error":1061490.551100703},"median":{"confidence_interval":{"confidence_level":0.95,"lower_bound":143442050.0,"upper_bound":146977400.0},"point_estimate":144658400.0,"standard_error":947569.8448271841},"median_abs_dev":{"confidence_interval":{"confidence_level":0.95,"lower_bound":5352975.3894656915,"upper_bound":9264693.105518818},"point_estimate":6937307.666838169,"standard_error":1004258.9370343355},"slope":null,"std_dev":{"confidence_interval":{"confidence_level":0.95,"lower_bound":7891453.807682401,"upper_bound":13191060.041101266},"point_estimate":10683266.538176477,"standard_error":1355693.9371284768}}