{"mean":{"confidence_interval":{"confidence_level":0.95,"lower_bound":-0.08931726262230331,"upper_bound":-0.018753798452728464},"point_estimate":-0.05469456662472505,"standard_error":0.01786714906702515},"median":{"confidence_interval":{"confidence_level":0.95,"lower_bound":-0.19109824245945364,"upper_bound":-0.08303603390734804},"point_estimate":-0.14337556496594628,"standard_error":0.02780300290018579}}