{"mean":{"confidence_interval":{"confidence_level":0.95,"lower_bound":-0.23791984256882887,"upper_bound":-0.12489656800709449},"point_estimate":-0.18119433316994937,"standard_error":0.028970593536844},"median":{"confidence_interval":{"confidence_level":0.95,"lower_bound":-0.07569472290409329,"upper_bound":-0.03711705541534416},"point_estimate":-0.0573395798770181,"standard_error":0.010140227536846336}}