{"mean":{"confidence_interval":{"confidence_level":0.95,"lower_bound":24027846.125,"upper_bound":24912988.9},"point_estimate":24448114.5,"standard_error":225190.9136900611},"median":{"confidence_interval":{"confidence_level":0.95,"lower_bound":23674950.0,"upper_bound":24508290.0},"point_estimate":24113250.0,"standard_error":233041.71724060873},"median_abs_dev":{"confidence_interval":{"confidence_level":0.95,"lower_bound":733056.7309856415,"upper_bound":1698006.923854351},"point_estimate":1283323.7112164497,"standard_error":264293.7332519917},"slope":null,"std_dev":{"confidence_interval":{"confidence_level":0.95,"lower_bound":1019286.7607598249,"upper_bound":1774190.4062704465},"point_estimate":1446059.1713891649,"standard_error":193372.31708445857}}