{"mean":{"confidence_interval":{"confidence_level":0.95,"lower_bound":465661692.1875,"upper_bound":485735814.25},"point_estimate":475460870.0,"standard_error":5135127.093597412},"median":{"confidence_interval":{"confidence_level":0.95,"lower_bound":458496400.0,"upper_bound":477485050.0},"point_estimate":465719250.0,"standard_error":4894179.231378008},"median_abs_dev":{"confidence_interval":{"confidence_level":0.95,"lower_bound":16065601.574778557,"upper_bound":50180301.09912157},"point_estimate":32612306.841015816,"standard_error":9010591.68034148},"slope":null,"std_dev":{"confidence_interval":{"confidence_level":0.95,"lower_bound":26880769.18587005,"upper_bound":36994230.04675284},"point_estimate":32948075.280341882,"standard_error":2569557.0193180204}}