{"mean":{"confidence_interval":{"confidence_level":0.95,"lower_bound":1216334.2704545453,"upper_bound":1259098.6954545453},"point_estimate":1237324.0909090908,"standard_error":10922.085490166146},"median":{"confidence_interval":{"confidence_level":0.95,"lower_bound":1173559.0909090908,"upper_bound":1225806.8181818184},"point_estimate":1199138.6363636362,"standard_error":12016.355741914733},"median_abs_dev":{"confidence_interval":{"confidence_level":0.95,"lower_bound":60517.03528924397,"upper_bound":135118.77032843506},"point_estimate":97686.4905384452,"standard_error":16259.878311310533},"slope":null,"std_dev":{"confidence_interval":{"confidence_level":0.95,"lower_bound":94282.47987008975,"upper_bound":123863.90295249734},"point_estimate":109774.88826969455,"standard_error":7552.98461556198}}