{"mean":{"confidence_interval":{"confidence_level":0.95,"lower_bound":-0.03247317536113766,"upper_bound":0.014624924844073533},"point_estimate":-0.008990074786231483,"standard_error":0.01202062756177492},"median":{"confidence_interval":{"confidence_level":0.95,"lower_bound":-0.03335497002450594,"upper_bound":0.03226538489723583},"point_estimate":0.003788183825610414,"standard_error":0.01666658911720251}}