{"mean":{"confidence_interval":{"confidence_level":0.95,"lower_bound":18852666.589285716,"upper_bound":19009744.71428571},"point_estimate":18927776.42857143,"standard_error":40194.296020521666},"median":{"confidence_interval":{"confidence_level":0.95,"lower_bound":18778964.285714284,"upper_bound":18920492.85714286},"point_estimate":18844292.85714286,"standard_error":31756.111235755416},"median_abs_dev":{"confidence_interval":{"confidence_level":0.95,"lower_bound":109585.3180544713,"upper_bound":295450.40475470875},"point_estimate":183556.46674122525,"standard_error":44641.02292363601},"slope":null,"std_dev":{"confidence_interval":{"confidence_level":0.95,"lower_bound":186314.68793138606,"upper_bound":312083.9480244862},"point_estimate":256922.64554394962,"standard_error":32186.21119571055}}