{"mean":{"confidence_interval":{"confidence_level":0.95,"lower_bound":37.05429315789118,"upper_bound":37.69388777695673},"point_estimate":37.330088521401215,"standard_error":0.1658017495090887},"median":{"confidence_interval":{"confidence_level":0.95,"lower_bound":36.926176133477156,"upper_bound":36.978096870976216},"point_estimate":36.96018917890511,"standard_error":0.013846608184451529},"median_abs_dev":{"confidence_interval":{"confidence_level":0.95,"lower_bound":0.12722849323425872,"upper_bound":0.2531279734542404},"point_estimate":0.19080994700778006,"standard_error":0.031621348147112587},"slope":{"confidence_interval":{"confidence_level":0.95,"lower_bound":36.9939771655964,"upper_bound":37.48981424248239},"point_estimate":37.17673645641887,"standard_error":0.13375096069154152},"std_dev":{"confidence_interval":{"confidence_level":0.95,"lower_bound":0.4773110660230253,"upper_bound":2.5515618146554617},"point_estimate":1.6720792315862616,"standard_error":0.544305685334525}}