{"mean":{"confidence_interval":{"confidence_level":0.95,"lower_bound":281397941.725,"upper_bound":291735764.25},"point_estimate":286515950.0,"standard_error":2638466.014055052},"median":{"confidence_interval":{"confidence_level":0.95,"lower_bound":272000600.0,"upper_bound":295591200.0},"point_estimate":278905600.0,"standard_error":5706691.424251289},"median_abs_dev":{"confidence_interval":{"confidence_level":0.95,"lower_bound":21548552.797436714,"upper_bound":38382882.45856762},"point_estimate":30057194.046378136,"standard_error":4031368.547249506},"slope":null,"std_dev":{"confidence_interval":{"confidence_level":0.95,"lower_bound":23685620.30340293,"upper_bound":29003979.58812555},"point_estimate":26561074.168370422,"standard_error":1356959.4857818177}}