{"mean":{"confidence_interval":{"confidence_level":0.95,"lower_bound":49496.665351605385,"upper_bound":50345.98370698084},"point_estimate":49876.62832059139,"standard_error":218.08756357121308},"median":{"confidence_interval":{"confidence_level":0.95,"lower_bound":49460.30303030303,"upper_bound":49633.52272727273},"point_estimate":49548.671968787516,"standard_error":42.73613421494582},"median_abs_dev":{"confidence_interval":{"confidence_level":0.95,"lower_bound":234.42208106545112,"upper_bound":408.3820421499851},"point_estimate":309.2279945101095,"standard_error":44.010384991720926},"slope":{"confidence_interval":{"confidence_level":0.95,"lower_bound":49542.97506504168,"upper_bound":49822.917316887164},"point_estimate":49671.92450125609,"standard_error":71.2591295052018},"std_dev":{"confidence_interval":{"confidence_level":0.95,"lower_bound":1055.239515882562,"upper_bound":3271.6235168289522},"point_estimate":2192.25682778731,"standard_error":597.0978158832786}}