{"mean":{"confidence_interval":{"confidence_level":0.95,"lower_bound":0.019146890720386472,"upper_bound":0.06610388333282662},"point_estimate":0.041308047998152464,"standard_error":0.011844908498290854},"median":{"confidence_interval":{"confidence_level":0.95,"lower_bound":-0.022625303984137868,"upper_bound":0.024149520866206812},"point_estimate":-0.008164824422618455,"standard_error":0.01237448223410397}}