{"mean":{"confidence_interval":{"confidence_level":0.95,"lower_bound":57554623.1875,"upper_bound":57769091.77083331},"point_estimate":57654990.000000015,"standard_error":54710.13678061564},"median":{"confidence_interval":{"confidence_level":0.95,"lower_bound":57483916.66666667,"upper_bound":57696916.666666664},"point_estimate":57559700.0,"standard_error":49936.518119178094},"median_abs_dev":{"confidence_interval":{"confidence_level":0.95,"lower_bound":137387.59756087887,"upper_bound":382955.5732011795},"point_estimate":244678.41565608795,"standard_error":62640.75030118321},"slope":null,"std_dev":{"confidence_interval":{"confidence_level":0.95,"lower_bound":225065.7740763993,"upper_bound":461978.2031676982},"point_estimate":349895.74370716116,"standard_error":62267.135656382205}}