{"mean":{"confidence_interval":{"confidence_level":0.95,"lower_bound":-0.11369309825838468,"upper_bound":-0.0854746011526752},"point_estimate":-0.10014578272842078,"standard_error":0.007382393206966761},"median":{"confidence_interval":{"confidence_level":0.95,"lower_bound":-0.12572551245721164,"upper_bound":-0.11566123319887156},"point_estimate":-0.12058539413335068,"standard_error":0.002546670111746866}}