{"mean":{"confidence_interval":{"confidence_level":0.95,"lower_bound":1471382.0499999996,"upper_bound":1546816.4307692314},"point_estimate":1507571.3076923082,"standard_error":19247.37087465564},"median":{"confidence_interval":{"confidence_level":0.95,"lower_bound":1492684.6153846155,"upper_bound":1539503.8461538462},"point_estimate":1514057.6923076923,"standard_error":13179.563777456835},"median_abs_dev":{"confidence_interval":{"confidence_level":0.95,"lower_bound":94224.07528872661,"upper_bound":220274.58249319048},"point_estimate":147062.51277373396,"standard_error":34205.88447640739},"slope":null,"std_dev":{"confidence_interval":{"confidence_level":0.95,"lower_bound":144218.05294807543,"upper_bound":251305.0976717914},"point_estimate":193295.04770717502,"standard_error":29288.386076771287}}