{"mean":{"confidence_interval":{"confidence_level":0.95,"lower_bound":-0.006538872924973127,"upper_bound":0.00699280404017976},"point_estimate":0.000275325832836959,"standard_error":0.003464380195201259},"median":{"confidence_interval":{"confidence_level":0.95,"lower_bound":-0.0010324255633802348,"upper_bound":0.009232133493773276},"point_estimate":0.0017043572800148343,"standard_error":0.0028200030780498307}}