{"mean":{"confidence_interval":{"confidence_level":0.95,"lower_bound":24971471.2375,"upper_bound":25107126.75},"point_estimate":25035836.5,"standard_error":34713.83463020227},"median":{"confidence_interval":{"confidence_level":0.95,"lower_bound":24927470.0,"upper_bound":25041400.0},"point_estimate":25000580.0,"standard_error":29479.380920105},"median_abs_dev":{"confidence_interval":{"confidence_level":0.95,"lower_bound":97050.99427700043,"upper_bound":245251.68764591217},"point_estimate":183590.35474061966,"standard_error":39198.59105772494},"slope":null,"std_dev":{"confidence_interval":{"confidence_level":0.95,"lower_bound":147042.34923908906,"upper_bound":283611.8337360277},"point_estimate":221916.22063812212,"standard_error":35102.3397674763}}