{"mean":{"confidence_interval":{"confidence_level":0.95,"lower_bound":-0.04617598988261305,"upper_bound":-0.012085827379005865},"point_estimate":-0.030953760203664138,"standard_error":0.008866627809856024},"median":{"confidence_interval":{"confidence_level":0.95,"lower_bound":-0.03353844122533456,"upper_bound":-0.023934108627152964},"point_estimate":-0.02798869340433452,"standard_error":0.002851180112604453}}