{"mean":{"confidence_interval":{"confidence_level":0.95,"lower_bound":23723240.975,"upper_bound":24299793.175},"point_estimate":24005586.0,"standard_error":146816.92106732313},"median":{"confidence_interval":{"confidence_level":0.95,"lower_bound":23495350.0,"upper_bound":24255075.0},"point_estimate":23810150.0,"standard_error":207822.61840150657},"median_abs_dev":{"confidence_interval":{"confidence_level":0.95,"lower_bound":1012979.0190160281,"upper_bound":1796466.3881063461},"point_estimate":1459286.089092493,"standard_error":206672.50208055408},"slope":null,"std_dev":{"confidence_interval":{"confidence_level":0.95,"lower_bound":1222583.9870266567,"upper_bound":1708417.5017180378},"point_estimate":1477575.950637743,"standard_error":123986.47495480075}}