{"mean":{"confidence_interval":{"confidence_level":0.95,"lower_bound":6696222.83125,"upper_bound":6747776.075},"point_estimate":6720767.625,"standard_error":13160.720044694104},"median":{"confidence_interval":{"confidence_level":0.95,"lower_bound":6657287.5,"upper_bound":6693250.0},"point_estimate":6674606.25,"standard_error":8919.904195862531},"median_abs_dev":{"confidence_interval":{"confidence_level":0.95,"lower_bound":49036.99412941933,"upper_bound":86361.4484667778},"point_estimate":65669.912584126,"standard_error":10130.019262091555},"slope":null,"std_dev":{"confidence_interval":{"confidence_level":0.95,"lower_bound":98005.32743891842,"upper_bound":160409.31486460165},"point_estimate":132376.61515137873,"standard_error":15863.618936164983}}