{"mean":{"confidence_interval":{"confidence_level":0.95,"lower_bound":2059309.883333334,"upper_bound":2117109.433333334},"point_estimate":2085476.222222222,"standard_error":14883.451139521805},"median":{"confidence_interval":{"confidence_level":0.95,"lower_bound":2027300.0,"upper_bound":2047033.3333333333},"point_estimate":2036855.5555555555,"standard_error":5900.987049715185},"median_abs_dev":{"confidence_interval":{"confidence_level":0.95,"lower_bound":20060.401310523448,"upper_bound":42287.14887425305},"point_estimate":28787.149488925876,"standard_error":6077.93597040789},"slope":null,"std_dev":{"confidence_interval":{"confidence_level":0.95,"lower_bound":78242.0483651155,"upper_bound":209061.09458479373},"point_estimate":148953.86458090882,"standard_error":33507.39218060272}}