{"mean":{"confidence_interval":{"confidence_level":0.95,"lower_bound":21808431.658333335,"upper_bound":22595615.84166667},"point_estimate":22191903.333333336,"standard_error":200688.4151780822},"median":{"confidence_interval":{"confidence_level":0.95,"lower_bound":20925116.666666668,"upper_bound":21696700.0},"point_estimate":21377466.666666664,"standard_error":208847.13194648354},"median_abs_dev":{"confidence_interval":{"confidence_level":0.95,"lower_bound":714316.6673183413,"upper_bound":1656560.8415901638},"point_estimate":1227222.128212452,"standard_error":257381.48145506147},"slope":null,"std_dev":{"confidence_interval":{"confidence_level":0.95,"lower_bound":1703416.466970311,"upper_bound":2273444.7974995896},"point_estimate":2022256.3192235876,"standard_error":145464.3326376841}}