{"mean":{"confidence_interval":{"confidence_level":0.95,"lower_bound":37278458.8625,"upper_bound":37827252.05},"point_estimate":37548327.0,"standard_error":139951.4356841859},"median":{"confidence_interval":{"confidence_level":0.95,"lower_bound":36738650.0,"upper_bound":37624150.0},"point_estimate":37152300.0,"standard_error":202130.34156012314},"median_abs_dev":{"confidence_interval":{"confidence_level":0.95,"lower_bound":917951.7737030983,"upper_bound":1707436.2596869469},"point_estimate":1377298.310548067,"standard_error":192417.2335066739},"slope":null,"std_dev":{"confidence_interval":{"confidence_level":0.95,"lower_bound":1220399.4440823568,"upper_bound":1562558.8727333932},"point_estimate":1409130.7806555463,"standard_error":87505.8411449776}}