{"mean":{"confidence_interval":{"confidence_level":0.95,"lower_bound":72409.14790357376,"upper_bound":74569.86225263911},"point_estimate":73351.35936965731,"standard_error":554.079436240866},"median":{"confidence_interval":{"confidence_level":0.95,"lower_bound":71707.2463768116,"upper_bound":72616.21129326048},"point_estimate":72130.8776844071,"standard_error":235.83447943641292},"median_abs_dev":{"confidence_interval":{"confidence_level":0.95,"lower_bound":1340.043143356128,"upper_bound":2367.7595470049605},"point_estimate":1811.0504526616176,"standard_error":264.4053293566914},"slope":{"confidence_interval":{"confidence_level":0.95,"lower_bound":72839.85738040859,"upper_bound":74588.80568455276},"point_estimate":73658.34343135807,"standard_error":447.15750239068103},"std_dev":{"confidence_interval":{"confidence_level":0.95,"lower_bound":2593.6944036774303,"upper_bound":8450.910827085947},"point_estimate":5576.040606249459,"standard_error":1660.778764474024}}