{"mean":{"confidence_interval":{"confidence_level":0.95,"lower_bound":-0.03625802299900022,"upper_bound":0.23064244801207012},"point_estimate":0.07532528371791303,"standard_error":0.07206521539904852},"median":{"confidence_interval":{"confidence_level":0.95,"lower_bound":-0.025385330506868604,"upper_bound":0.11396304906367606},"point_estimate":0.02139202871169088,"standard_error":0.03827200831416242}}