{"mean":{"confidence_interval":{"confidence_level":0.95,"lower_bound":578397.483920784,"upper_bound":586636.6392475915},"point_estimate":581723.2970490677,"standard_error":2159.854847410177},"median":{"confidence_interval":{"confidence_level":0.95,"lower_bound":576302.5602409639,"upper_bound":580229.1666666666},"point_estimate":577824.6027542374,"standard_error":982.4555407544229},"median_abs_dev":{"confidence_interval":{"confidence_level":0.95,"lower_bound":5080.477779896359,"upper_bound":8677.000584588817},"point_estimate":6474.190161960332,"standard_error":900.1969731253615},"slope":{"confidence_interval":{"confidence_level":0.95,"lower_bound":578898.1563936486,"upper_bound":584145.6622126583},"point_estimate":581230.7880892567,"standard_error":1355.336503209421},"std_dev":{"confidence_interval":{"confidence_level":0.95,"lower_bound":7408.678896798609,"upper_bound":35117.490276613265},"point_estimate":21686.720491491797,"standard_error":9022.3088704086}}