{"mean":{"confidence_interval":{"confidence_level":0.95,"lower_bound":-0.05742233320521104,"upper_bound":0.035209167584147216},"point_estimate":-0.01488573864603393,"standard_error":0.023709626639494708},"median":{"confidence_interval":{"confidence_level":0.95,"lower_bound":-0.01585346138435945,"upper_bound":0.019690808083846188},"point_estimate":-0.0029854559428417193,"standard_error":0.008119333841914}}