{"mean":{"confidence_interval":{"confidence_level":0.95,"lower_bound":195458.37489596533,"upper_bound":199465.64960105222},"point_estimate":197342.01665190118,"standard_error":1019.3087912746361},"median":{"confidence_interval":{"confidence_level":0.95,"lower_bound":195300.7326007326,"upper_bound":198438.33333333334},"point_estimate":196357.38095238095,"standard_error":739.3557689975056},"median_abs_dev":{"confidence_interval":{"confidence_level":0.95,"lower_bound":6708.504775637079,"upper_bound":11106.74258404456},"point_estimate":8489.524262742349,"standard_error":1128.8945911943724},"slope":{"confidence_interval":{"confidence_level":0.95,"lower_bound":196136.8170811136,"upper_bound":200021.12209168298},"point_estimate":198117.88035072165,"standard_error":991.0066624537741},"std_dev":{"confidence_interval":{"confidence_level":0.95,"lower_bound":7022.0473055858365,"upper_bound":14061.198102283199},"point_estimate":10219.1654972841,"standard_error":2014.147080152034}}