{"mean":{"confidence_interval":{"confidence_level":0.95,"lower_bound":10329094.98125,"upper_bound":10491855.9375},"point_estimate":10405462.0,"standard_error":41635.00777480616},"median":{"confidence_interval":{"confidence_level":0.95,"lower_bound":10209875.0,"upper_bound":10311225.0},"point_estimate":10248862.5,"standard_error":24524.48141629908},"median_abs_dev":{"confidence_interval":{"confidence_level":0.95,"lower_bound":120350.05286335945,"upper_bound":244962.58065104485},"point_estimate":162993.33460628986,"standard_error":30175.781585102482},"slope":null,"std_dev":{"confidence_interval":{"confidence_level":0.95,"lower_bound":293485.7705689852,"upper_bound":523176.2231637391},"point_estimate":418647.14127167943,"standard_error":58306.173563607335}}