{"mean":{"confidence_interval":{"confidence_level":0.95,"lower_bound":192306.82103544477,"upper_bound":204394.21269609893},"point_estimate":198169.48780327744,"standard_error":3083.5508558063775},"median":{"confidence_interval":{"confidence_level":0.95,"lower_bound":185425.17730496454,"upper_bound":191214.95726495725},"point_estimate":188707.9375,"standard_error":1432.293907712612},"median_abs_dev":{"confidence_interval":{"confidence_level":0.95,"lower_bound":13851.92516356193,"upper_bound":25423.704029440076},"point_estimate":21135.547545818805,"standard_error":2618.950544210471},"slope":{"confidence_interval":{"confidence_level":0.95,"lower_bound":179196.6468082123,"upper_bound":186153.28276462053},"point_estimate":182415.57401113247,"standard_error":1778.3546969356944},"std_dev":{"confidence_interval":{"confidence_level":0.95,"lower_bound":25218.386864998072,"upper_bound":35559.56639570029},"point_estimate":30994.596465953262,"standard_error":2643.608342725346}}