{"mean":{"confidence_interval":{"confidence_level":0.95,"lower_bound":90793748.925,"upper_bound":91318481.625},"point_estimate":91035892.0,"standard_error":134823.35170757654},"median":{"confidence_interval":{"confidence_level":0.95,"lower_bound":90537800.0,"upper_bound":90714750.0},"point_estimate":90603150.0,"standard_error":47482.104153085034},"median_abs_dev":{"confidence_interval":{"confidence_level":0.95,"lower_bound":317350.52436590195,"upper_bound":628993.0388331413},"point_estimate":454565.15192985535,"standard_error":86721.86868392023},"slope":null,"std_dev":{"confidence_interval":{"confidence_level":0.95,"lower_bound":818071.4827407093,"upper_bound":1847764.3413027052},"point_estimate":1356836.489310054,"standard_error":266695.5133446097}}