{"mean":{"confidence_interval":{"confidence_level":0.95,"lower_bound":0.033510722526232134,"upper_bound":0.1375288712027386},"point_estimate":0.08205227477449162,"standard_error":0.02648613128528201},"median":{"confidence_interval":{"confidence_level":0.95,"lower_bound":-0.021280023366892276,"upper_bound":0.2894397489733047},"point_estimate":0.2141601674252629,"standard_error":0.07858539735111436}}