{"mean":{"confidence_interval":{"confidence_level":0.95,"lower_bound":-0.29924490333867265,"upper_bound":-0.259296712513524},"point_estimate":-0.2788351861303816,"standard_error":0.010168069794681336},"median":{"confidence_interval":{"confidence_level":0.95,"lower_bound":-0.3186050465945184,"upper_bound":-0.3148047956098565},"point_estimate":-0.3173191241112615,"standard_error":0.0010311758250564466}}