{"mean":{"confidence_interval":{"confidence_level":0.95,"lower_bound":20372163.63333333,"upper_bound":20615753.366666667},"point_estimate":20475714.666666657,"standard_error":63235.51049554576},"median":{"confidence_interval":{"confidence_level":0.95,"lower_bound":20308033.333333332,"upper_bound":20421416.666666668},"point_estimate":20389866.666666668,"standard_error":28399.55562163438},"median_abs_dev":{"confidence_interval":{"confidence_level":0.95,"lower_bound":180109.3335524186,"upper_bound":313668.73443126865},"point_estimate":237833.7457776088,"standard_error":37475.34739267203},"slope":null,"std_dev":{"confidence_interval":{"confidence_level":0.95,"lower_bound":249135.65610922285,"upper_bound":999781.2848478765},"point_estimate":638364.2752093229,"standard_error":222172.9589451687}}