{"mean":{"confidence_interval":{"confidence_level":0.95,"lower_bound":14206282.9625,"upper_bound":14293783.94375},"point_estimate":14248971.25,"standard_error":22370.06591927297},"median":{"confidence_interval":{"confidence_level":0.95,"lower_bound":14173400.0,"upper_bound":14251575.0},"point_estimate":14215387.5,"standard_error":19482.378074101667},"median_abs_dev":{"confidence_interval":{"confidence_level":0.95,"lower_bound":137547.74924553934,"upper_bound":249076.79557800293},"point_estimate":196222.10651636124,"standard_error":29130.328649423802},"slope":null,"std_dev":{"confidence_interval":{"confidence_level":0.95,"lower_bound":185378.73955125167,"upper_bound":257823.70224889927},"point_estimate":224215.52228609816,"standard_error":18501.60323067032}}