{"mean":{"confidence_interval":{"confidence_level":0.95,"lower_bound":-0.18066757489096838,"upper_bound":-0.1680927808027773},"point_estimate":-0.17407877679636752,"standard_error":0.0031979480451272703},"median":{"confidence_interval":{"confidence_level":0.95,"lower_bound":-0.17272480418635539,"upper_bound":-0.1709804675894473},"point_estimate":-0.17177957238773145,"standard_error":0.00046504045443393775}}