{"mean":{"confidence_interval":{"confidence_level":0.95,"lower_bound":30707499.0375,"upper_bound":32024890.6625},"point_estimate":31335197.5,"standard_error":336884.57608523825},"median":{"confidence_interval":{"confidence_level":0.95,"lower_bound":29553825.0,"upper_bound":30443375.0},"point_estimate":29939325.0,"standard_error":211279.41819834086},"median_abs_dev":{"confidence_interval":{"confidence_level":0.95,"lower_bound":1034335.8716368675,"upper_bound":2180793.3662831783},"point_estimate":1604432.626515627,"standard_error":275002.4552286743},"slope":null,"std_dev":{"confidence_interval":{"confidence_level":0.95,"lower_bound":2562036.708695742,"upper_bound":4109261.7590593738},"point_estimate":3391038.6981040398,"standard_error":397410.6014917517}}