{"mean":{"confidence_interval":{"confidence_level":0.95,"lower_bound":137376181.625,"upper_bound":139153729.55},"point_estimate":138200693.0,"standard_error":454431.1833866327},"median":{"confidence_interval":{"confidence_level":0.95,"lower_bound":136263800.0,"upper_bound":137037300.0},"point_estimate":136507950.0,"standard_error":203982.32198106288},"median_abs_dev":{"confidence_interval":{"confidence_level":0.95,"lower_bound":1146564.9831444027,"upper_bound":2055105.953514576},"point_estimate":1571704.232096672,"standard_error":237261.49723946114},"slope":null,"std_dev":{"confidence_interval":{"confidence_level":0.95,"lower_bound":2973849.2131324518,"upper_bound":6103580.698501451},"point_estimate":4567281.191681754,"standard_error":815587.7370587508}}