{"mean":{"confidence_interval":{"confidence_level":0.95,"lower_bound":67195467.28125,"upper_bound":67391048.6875},"point_estimate":67286065.0,"standard_error":50124.54486275915},"median":{"confidence_interval":{"confidence_level":0.95,"lower_bound":67130075.0,"upper_bound":67282000.0},"point_estimate":67210125.0,"standard_error":39608.54788118928},"median_abs_dev":{"confidence_interval":{"confidence_level":0.95,"lower_bound":115309.21295285225,"upper_bound":304377.7745962143},"point_estimate":178875.68682432175,"standard_error":49141.18456789359},"slope":null,"std_dev":{"confidence_interval":{"confidence_level":0.95,"lower_bound":184863.6436093696,"upper_bound":432322.5313507423},"point_estimate":323207.3701638085,"standard_error":63657.37955040327}}