{"mean":{"confidence_interval":{"confidence_level":0.95,"lower_bound":14261251.274999999,"upper_bound":14651446.416666662},"point_estimate":14448408.666666668,"standard_error":99898.63912214813},"median":{"confidence_interval":{"confidence_level":0.95,"lower_bound":13919633.333333334,"upper_bound":14119733.333333334},"point_estimate":14013883.333333332,"standard_error":60643.08890195879},"median_abs_dev":{"confidence_interval":{"confidence_level":0.95,"lower_bound":288810.4748725891,"upper_bound":659411.0482931142},"point_estimate":475049.74156617885,"standard_error":106588.16719881732},"slope":null,"std_dev":{"confidence_interval":{"confidence_level":0.95,"lower_bound":765189.3436733355,"upper_bound":1224934.930502326},"point_estimate":1008335.7105976371,"standard_error":117967.43867199153}}