{"mean":{"confidence_interval":{"confidence_level":0.95,"lower_bound":20383778.91964286,"upper_bound":20479694.83035714},"point_estimate":20431122.85714286,"standard_error":24534.722571741473},"median":{"confidence_interval":{"confidence_level":0.95,"lower_bound":20341635.714285716,"upper_bound":20479985.714285716},"point_estimate":20437114.285714284,"standard_error":35926.25203204283},"median_abs_dev":{"confidence_interval":{"confidence_level":0.95,"lower_bound":110474.87803867845,"upper_bound":241118.14596929523},"point_estimate":170975.54696457807,"standard_error":32351.243746995675},"slope":null,"std_dev":{"confidence_interval":{"confidence_level":0.95,"lower_bound":125804.18374345406,"upper_bound":182561.51991876162},"point_estimate":157318.4169107982,"standard_error":14509.074349417962}}