{"mean":{"confidence_interval":{"confidence_level":0.95,"lower_bound":22278405.725000005,"upper_bound":22749690.15833333},"point_estimate":22487867.000000004,"standard_error":120831.08903575061},"median":{"confidence_interval":{"confidence_level":0.95,"lower_bound":22125100.0,"upper_bound":22282083.333333336},"point_estimate":22198083.333333336,"standard_error":43291.97930212014},"median_abs_dev":{"confidence_interval":{"confidence_level":0.95,"lower_bound":250262.8755569458,"upper_bound":452761.32196188066},"point_estimate":352834.0837359465,"standard_error":51991.892470187835},"slope":null,"std_dev":{"confidence_interval":{"confidence_level":0.95,"lower_bound":580435.24640323,"upper_bound":1774410.0687153267},"point_estimate":1215319.9361460549,"standard_error":313420.4931883896}}