{"mean":{"confidence_interval":{"confidence_level":0.95,"lower_bound":55758575.45,"upper_bound":56308822.425},"point_estimate":56020163.0,"standard_error":140666.93442467268},"median":{"confidence_interval":{"confidence_level":0.95,"lower_bound":55335000.0,"upper_bound":56179200.0},"point_estimate":55704550.0,"standard_error":204639.85912269476},"median_abs_dev":{"confidence_interval":{"confidence_level":0.95,"lower_bound":864355.7846546173,"upper_bound":1427447.2546577454},"point_estimate":1030703.501701355,"standard_error":136620.2684188052},"slope":null,"std_dev":{"confidence_interval":{"confidence_level":0.95,"lower_bound":998158.1555863505,"upper_bound":1835247.5070776094},"point_estimate":1416197.6399803308,"standard_error":217936.42679959137}}