{"mean":{"confidence_interval":{"confidence_level":0.95,"lower_bound":19046648.16071429,"upper_bound":19412186.258928575},"point_estimate":19209152.85714285,"standard_error":94304.51027763443},"median":{"confidence_interval":{"confidence_level":0.95,"lower_bound":18954514.285714284,"upper_bound":19046392.85714286},"point_estimate":19016700.0,"standard_error":24397.374762410633},"median_abs_dev":{"confidence_interval":{"confidence_level":0.95,"lower_bound":69078.56877360906,"upper_bound":159908.99716105175},"point_estimate":116871.23792512274,"standard_error":24826.958642627516},"slope":null,"std_dev":{"confidence_interval":{"confidence_level":0.95,"lower_bound":240404.3061737801,"upper_bound":848460.6750197727},"point_estimate":605644.0824891366,"standard_error":153189.4609482827}}