{"mean":{"confidence_interval":{"confidence_level":0.95,"lower_bound":-0.044073971129114355,"upper_bound":0.0017668355931920701},"point_estimate":-0.0178758046771601,"standard_error":0.011927700490894077},"median":{"confidence_interval":{"confidence_level":0.95,"lower_bound":-0.011047107639736375,"upper_bound":0.001529333796858872},"point_estimate":-0.004558869517629627,"standard_error":0.0032162915967405776}}