{"mean":{"confidence_interval":{"confidence_level":0.95,"lower_bound":6993967.38382647,"upper_bound":7241736.60149512},"point_estimate":7102026.820406596,"standard_error":63959.0791535196},"median":{"confidence_interval":{"confidence_level":0.95,"lower_bound":6913973.934837093,"upper_bound":7048042.765151516},"point_estimate":6955915.0,"standard_error":31950.57708797472},"median_abs_dev":{"confidence_interval":{"confidence_level":0.95,"lower_bound":62116.71218668186,"upper_bound":221870.8614246414},"point_estimate":123439.42055851221,"standard_error":40884.84421014296},"slope":{"confidence_interval":{"confidence_level":0.95,"lower_bound":7003542.903142315,"upper_bound":7125871.011974437},"point_estimate":7065497.502258356,"standard_error":31298.72966534189},"std_dev":{"confidence_interval":{"confidence_level":0.95,"lower_bound":147425.39314081418,"upper_bound":603612.7384175954},"point_estimate":409025.4233983385,"standard_error":121874.55493999462}}