{"mean":{"confidence_interval":{"confidence_level":0.95,"lower_bound":8508370.075000001,"upper_bound":8588413.362500004},"point_estimate":8547148.333333336,"standard_error":20467.15229592392},"median":{"confidence_interval":{"confidence_level":0.95,"lower_bound":8480141.666666668,"upper_bound":8548166.666666666},"point_estimate":8517425.0,"standard_error":17148.069065298525},"median_abs_dev":{"confidence_interval":{"confidence_level":0.95,"lower_bound":128121.34772539185,"upper_bound":209837.6251496383},"point_estimate":171067.32696294738,"standard_error":21801.44019044895},"slope":null,"std_dev":{"confidence_interval":{"confidence_level":0.95,"lower_bound":161662.18463603305,"upper_bound":246542.05318998912},"point_estimate":205528.52763204157,"standard_error":21762.963885790814}}