{"mean":{"confidence_interval":{"confidence_level":0.95,"lower_bound":-0.19887104793237348,"upper_bound":-0.1491797370661705},"point_estimate":-0.17461550108674218,"standard_error":0.012713162365531577},"median":{"confidence_interval":{"confidence_level":0.95,"lower_bound":-0.21026868231110363,"upper_bound":-0.10842243668657237},"point_estimate":-0.1583037122213774,"standard_error":0.027123166534521966}}