{"mean":{"confidence_interval":{"confidence_level":0.95,"lower_bound":162.96549474512565,"upper_bound":170.02811709509243},"point_estimate":166.52392551461762,"standard_error":1.7976506949853424},"median":{"confidence_interval":{"confidence_level":0.95,"lower_bound":164.4379207165153,"upper_bound":174.1495080286101},"point_estimate":169.93269667638617,"standard_error":2.79946774425627},"median_abs_dev":{"confidence_interval":{"confidence_level":0.95,"lower_bound":11.821990935236645,"upper_bound":20.384211903713304},"point_estimate":15.272061937454515,"standard_error":2.162270765474183},"slope":{"confidence_interval":{"confidence_level":0.95,"lower_bound":163.13153441803146,"upper_bound":171.24871231226385},"point_estimate":167.25260130163454,"standard_error":2.070026578684818},"std_dev":{"confidence_interval":{"confidence_level":0.95,"lower_bound":15.508321053424634,"upper_bound":20.340619043550753},"point_estimate":18.07548717157478,"standard_error":1.2324442500279247}}