{"mean":{"confidence_interval":{"confidence_level":0.95,"lower_bound":132.06803571668445,"upper_bound":133.47945243083032},"point_estimate":132.60278738829686,"standard_error":0.38451552387809623},"median":{"confidence_interval":{"confidence_level":0.95,"lower_bound":131.90373756386126,"upper_bound":132.1686428950872},"point_estimate":132.0203781209691,"standard_error":0.06560727979251701},"median_abs_dev":{"confidence_interval":{"confidence_level":0.95,"lower_bound":0.3699023125230934,"upper_bound":0.7272361940804084},"point_estimate":0.5884783364796208,"standard_error":0.0977152440489265},"slope":{"confidence_interval":{"confidence_level":0.95,"lower_bound":132.0833254366101,"upper_bound":133.06137942455396},"point_estimate":132.52601570351158,"standard_error":0.2528396656903541},"std_dev":{"confidence_interval":{"confidence_level":0.95,"lower_bound":0.806226483245648,"upper_bound":6.417581333776402},"point_estimate":3.8465794605264603,"standard_error":1.8581525737284386}}