{"mean":{"confidence_interval":{"confidence_level":0.95,"lower_bound":102183792.4375,"upper_bound":103571150.4375},"point_estimate":102811800.0,"standard_error":356561.4853514497},"median":{"confidence_interval":{"confidence_level":0.95,"lower_bound":101760300.0,"upper_bound":102506800.0},"point_estimate":102109050.0,"standard_error":215113.1510504131},"median_abs_dev":{"confidence_interval":{"confidence_level":0.95,"lower_bound":682366.6378855705,"upper_bound":1712551.229596138},"point_estimate":1135893.9698338509,"standard_error":302699.436123296},"slope":null,"std_dev":{"confidence_interval":{"confidence_level":0.95,"lower_bound":1125633.697949655,"upper_bound":3248338.4086234374},"point_estimate":2290157.7732011927,"standard_error":562687.634344373}}