{"mean":{"confidence_interval":{"confidence_level":0.95,"lower_bound":1099300.5365384622,"upper_bound":1115486.3028846153},"point_estimate":1106785.192307692,"standard_error":4135.829203533167},"median":{"confidence_interval":{"confidence_level":0.95,"lower_bound":1088469.2307692308,"upper_bound":1092726.923076923},"point_estimate":1090623.076923077,"standard_error":1045.2733524164948},"median_abs_dev":{"confidence_interval":{"confidence_level":0.95,"lower_bound":5114.898630346243,"upper_bound":9970.484822988683},"point_estimate":6942.559492129466,"standard_error":1299.0189856369134},"slope":null,"std_dev":{"confidence_interval":{"confidence_level":0.95,"lower_bound":27770.992950815176,"upper_bound":55741.91082246194},"point_estimate":41581.45444578303,"standard_error":7387.788483868733}}