{"mean":{"confidence_interval":{"confidence_level":0.95,"lower_bound":132148527.625,"upper_bound":132514993.15},"point_estimate":132319922.0,"standard_error":93603.03912363146},"median":{"confidence_interval":{"confidence_level":0.95,"lower_bound":131972900.0,"upper_bound":132404800.0},"point_estimate":132135300.0,"standard_error":103964.5803938004},"median_abs_dev":{"confidence_interval":{"confidence_level":0.95,"lower_bound":487330.61134815216,"upper_bound":764650.9364247322},"point_estimate":620690.4789805412,"standard_error":70767.40108018326},"slope":null,"std_dev":{"confidence_interval":{"confidence_level":0.95,"lower_bound":597152.3145229109,"upper_bound":1254673.7106322665},"point_estimate":940996.7917784703,"standard_error":169836.15136036166}}