{"mean":{"confidence_interval":{"confidence_level":0.95,"lower_bound":1613201.8131578937,"upper_bound":1637797.1105263156},"point_estimate":1624872.8421052631,"standard_error":6285.2686593903345},"median":{"confidence_interval":{"confidence_level":0.95,"lower_bound":1599184.210526316,"upper_bound":1618118.4210526315},"point_estimate":1608339.4736842106,"standard_error":4705.9207968160845},"median_abs_dev":{"confidence_interval":{"confidence_level":0.95,"lower_bound":34770.77342216914,"upper_bound":58305.19475434959},"point_estimate":45984.00865730478,"standard_error":5618.030407950934},"slope":null,"std_dev":{"confidence_interval":{"confidence_level":0.95,"lower_bound":45288.38682488405,"upper_bound":80953.53620763715},"point_estimate":63195.919479898956,"standard_error":9278.189897014781}}