{"mean":{"confidence_interval":{"confidence_level":0.95,"lower_bound":87078.47460748906,"upper_bound":87651.12045502271},"point_estimate":87347.63072345589,"standard_error":146.0560347321228},"median":{"confidence_interval":{"confidence_level":0.95,"lower_bound":86881.83876811594,"upper_bound":87245.83333333334},"point_estimate":87043.83326013762,"standard_error":107.51522240487732},"median_abs_dev":{"confidence_interval":{"confidence_level":0.95,"lower_bound":303.503255481305,"upper_bound":960.8609396394402},"point_estimate":427.32184023960855,"standard_error":172.37457027580584},"slope":{"confidence_interval":{"confidence_level":0.95,"lower_bound":87114.68414908105,"upper_bound":87910.53362059462},"point_estimate":87482.48825000327,"standard_error":203.34519106367787},"std_dev":{"confidence_interval":{"confidence_level":0.95,"lower_bound":609.6789393705217,"upper_bound":1181.7027419341991},"point_estimate":937.8223653745032,"standard_error":145.85131777696506}}