{"mean":{"confidence_interval":{"confidence_level":0.95,"lower_bound":22286458.7,"upper_bound":22659814.799999993},"point_estimate":22467235.333333325,"standard_error":95516.52723263318},"median":{"confidence_interval":{"confidence_level":0.95,"lower_bound":21926733.333333332,"upper_bound":22519200.0},"point_estimate":22130166.666666664,"standard_error":151679.50145173946},"median_abs_dev":{"confidence_interval":{"confidence_level":0.95,"lower_bound":550588.2102251016,"upper_bound":1049310.1313710213},"point_estimate":778883.8961720467,"standard_error":118209.5190169125},"slope":null,"std_dev":{"confidence_interval":{"confidence_level":0.95,"lower_bound":790768.5998055423,"upper_bound":1108222.6273442754},"point_estimate":962636.7347051619,"standard_error":81125.1368258635}}