{"mean":{"confidence_interval":{"confidence_level":0.95,"lower_bound":-0.26497531832030935,"upper_bound":-0.23413061314573366},"point_estimate":-0.25071515184364657,"standard_error":0.007955573240642},"median":{"confidence_interval":{"confidence_level":0.95,"lower_bound":-0.2627996708119794,"upper_bound":-0.2573295252760408},"point_estimate":-0.260233680296457,"standard_error":0.0014176647276538034}}