{"mean":{"confidence_interval":{"confidence_level":0.95,"lower_bound":-0.07237939289483156,"upper_bound":-0.02724174193534813},"point_estimate":-0.049635463812683245,"standard_error":0.011490749994896127},"median":{"confidence_interval":{"confidence_level":0.95,"lower_bound":-0.03980296066390443,"upper_bound":-0.026623341643709053},"point_estimate":-0.033159387914375116,"standard_error":0.0032817700830861784}}