{"mean":{"confidence_interval":{"confidence_level":0.95,"lower_bound":32841175.9875,"upper_bound":33075714.125},"point_estimate":32936428.5,"standard_error":61347.88171004129},"median":{"confidence_interval":{"confidence_level":0.95,"lower_bound":32782600.0,"upper_bound":32823100.0},"point_estimate":32799000.0,"standard_error":10543.157927184144},"median_abs_dev":{"confidence_interval":{"confidence_level":0.95,"lower_bound":64418.968856334686,"upper_bound":116013.44794034958},"point_estimate":89289.58341479301,"standard_error":13304.733403011038},"slope":null,"std_dev":{"confidence_interval":{"confidence_level":0.95,"lower_bound":168920.54339739436,"upper_bound":988491.9970398877},"point_estimate":613630.4206887864,"standard_error":240353.16479833555}}