{"mean":{"confidence_interval":{"confidence_level":0.95,"lower_bound":19063386.39285714,"upper_bound":19259476.45535715},"point_estimate":19158174.28571429,"standard_error":50143.901253355325},"median":{"confidence_interval":{"confidence_level":0.95,"lower_bound":18948364.285714284,"upper_bound":19308907.14285714},"point_estimate":18991435.714285716,"standard_error":105987.08391269483},"median_abs_dev":{"confidence_interval":{"confidence_level":0.95,"lower_bound":149795.54734059505,"upper_bound":475787.51155308},"point_estimate":243961.82566881456,"standard_error":87825.27492212344},"slope":null,"std_dev":{"confidence_interval":{"confidence_level":0.95,"lower_bound":246980.05799934032,"upper_bound":378310.5699474798},"point_estimate":321179.07495900564,"standard_error":33488.492195352264}}