{"mean":{"confidence_interval":{"confidence_level":0.95,"lower_bound":69243149.90625,"upper_bound":69521200.09375},"point_estimate":69365151.25,"standard_error":71460.13769946985},"median":{"confidence_interval":{"confidence_level":0.95,"lower_bound":69182500.0,"upper_bound":69335450.0},"point_estimate":69298500.0,"standard_error":45177.819455718716},"median_abs_dev":{"confidence_interval":{"confidence_level":0.95,"lower_bound":120757.76785612106,"upper_bound":283324.85496997833},"point_estimate":211418.75624656677,"standard_error":41694.92904406745},"slope":null,"std_dev":{"confidence_interval":{"confidence_level":0.95,"lower_bound":200032.03494776983,"upper_bound":674189.51388354},"point_estimate":457239.71417227766,"standard_error":131982.9336818024}}