{"mean":{"confidence_interval":{"confidence_level":0.95,"lower_bound":19161389.910714287,"upper_bound":19324795.98214286},"point_estimate":19229933.571428575,"standard_error":42512.229001782856},"median":{"confidence_interval":{"confidence_level":0.95,"lower_bound":19124064.285714284,"upper_bound":19193900.0},"point_estimate":19148528.57142857,"standard_error":15375.128162656127},"median_abs_dev":{"confidence_interval":{"confidence_level":0.95,"lower_bound":46055.90918234377,"upper_bound":130714.75042935101},"point_estimate":80822.87856510667,"standard_error":21043.31513862503},"slope":null,"std_dev":{"confidence_interval":{"confidence_level":0.95,"lower_bound":101939.10353978364,"upper_bound":422518.44942191173},"point_estimate":272625.9162667838,"standard_error":97822.61736567535}}