{"mean":{"confidence_interval":{"confidence_level":0.95,"lower_bound":0.06803582181379376,"upper_bound":0.14170382144442417},"point_estimate":0.10175171604400113,"standard_error":0.020222346763938265},"median":{"confidence_interval":{"confidence_level":0.95,"lower_bound":0.028322413715207162,"upper_bound":0.03660630394688846},"point_estimate":0.033629958524138415,"standard_error":0.0022191895934356213}}