{"mean":{"confidence_interval":{"confidence_level":0.95,"lower_bound":-0.24723471478690187,"upper_bound":-0.009772336678222698},"point_estimate":-0.13865444701164487,"standard_error":0.06009453122291212},"median":{"confidence_interval":{"confidence_level":0.95,"lower_bound":-0.19100626524355246,"upper_bound":-0.04727892526745591},"point_estimate":-0.10146708139397087,"standard_error":0.036936060717786406}}