{"mean":{"confidence_interval":{"confidence_level":0.95,"lower_bound":0.10618925116666389,"upper_bound":0.12532219430908872},"point_estimate":0.11586028811969129,"standard_error":0.0049121182433878256},"median":{"confidence_interval":{"confidence_level":0.95,"lower_bound":0.10536712318833241,"upper_bound":0.11059039457445996},"point_estimate":0.1080272743810251,"standard_error":0.0012807051847095886}}