{"mean":{"confidence_interval":{"confidence_level":0.95,"lower_bound":-0.2682370949832189,"upper_bound":-0.22670888205092266},"point_estimate":-0.2496309406510382,"standard_error":0.010753027850438362},"median":{"confidence_interval":{"confidence_level":0.95,"lower_bound":-0.2601036608442838,"upper_bound":-0.2253059663256861},"point_estimate":-0.24256627626969496,"standard_error":0.009148074759864453}}