{"mean":{"confidence_interval":{"confidence_level":0.95,"lower_bound":208674643.975,"upper_bound":218448837.6},"point_estimate":213460678.0,"standard_error":2494934.7557238713},"median":{"confidence_interval":{"confidence_level":0.95,"lower_bound":203683200.0,"upper_bound":217104550.0},"point_estimate":209404650.0,"standard_error":3124618.614049005},"median_abs_dev":{"confidence_interval":{"confidence_level":0.95,"lower_bound":21757895.91372013,"upper_bound":32643515.57046175},"point_estimate":28086151.511371136,"standard_error":2759952.9031003695},"slope":null,"std_dev":{"confidence_interval":{"confidence_level":0.95,"lower_bound":20982985.722748753,"upper_bound":29062650.890720647},"point_estimate":25095676.41351459,"standard_error":2075952.7075079628}}