{"mean":{"confidence_interval":{"confidence_level":0.95,"lower_bound":23368504.233333346,"upper_bound":23757033.641666673},"point_estimate":23560720.00000001,"standard_error":99050.59304199336},"median":{"confidence_interval":{"confidence_level":0.95,"lower_bound":23238516.666666668,"upper_bound":23749433.333333332},"point_estimate":23556066.666666668,"standard_error":126550.62530078803},"median_abs_dev":{"confidence_interval":{"confidence_level":0.95,"lower_bound":866231.8913713117,"upper_bound":1328511.5051642072},"point_estimate":1132286.3098978987,"standard_error":118659.72769498955},"slope":null,"std_dev":{"confidence_interval":{"confidence_level":0.95,"lower_bound":871165.7721916125,"upper_bound":1103578.3729443399},"point_estimate":995191.6170104636,"standard_error":59337.84255624135}}