{"mean":{"confidence_interval":{"confidence_level":0.95,"lower_bound":34801928.725,"upper_bound":36761909.625},"point_estimate":35791963.5,"standard_error":500643.0511359013},"median":{"confidence_interval":{"confidence_level":0.95,"lower_bound":34787975.0,"upper_bound":38164400.0},"point_estimate":36929350.0,"standard_error":874695.0015549381},"median_abs_dev":{"confidence_interval":{"confidence_level":0.95,"lower_bound":4163844.961076975,"upper_bound":7304658.875316381},"point_estimate":5691182.388961315,"standard_error":796805.2942913111},"slope":null,"std_dev":{"confidence_interval":{"confidence_level":0.95,"lower_bound":4538932.332957144,"upper_bound":5440451.181906087},"point_estimate":5030013.880058236,"standard_error":230662.73475876387}}