{"mean":{"confidence_interval":{"confidence_level":0.95,"lower_bound":-0.023512902734078998,"upper_bound":0.017699373401460643},"point_estimate":-0.004379879311405266,"standard_error":0.010406772393700836},"median":{"confidence_interval":{"confidence_level":0.95,"lower_bound":-0.015457905342109446,"upper_bound":0.007085941405666318},"point_estimate":-0.006554669052182827,"standard_error":0.005816245108135942}}