{"mean":{"confidence_interval":{"confidence_level":0.95,"lower_bound":0.0066596430851850975,"upper_bound":0.051587860917084595},"point_estimate":0.029466450591091542,"standard_error":0.011444428521995337},"median":{"confidence_interval":{"confidence_level":0.95,"lower_bound":0.01649544907163758,"upper_bound":0.10890271706960063},"point_estimate":0.06153188483865968,"standard_error":0.025815950679260024}}