{"mean":{"confidence_interval":{"confidence_level":0.95,"lower_bound":21027715.650000002,"upper_bound":22428902.266666654},"point_estimate":21712797.00000001,"standard_error":358029.55096758},"median":{"confidence_interval":{"confidence_level":0.95,"lower_bound":20479383.333333336,"upper_bound":21369833.333333332},"point_estimate":20897450.0,"standard_error":209694.41116402554},"median_abs_dev":{"confidence_interval":{"confidence_level":0.95,"lower_bound":1665503.3904314032,"upper_bound":4184836.1057043057},"point_estimate":2821980.789899826,"standard_error":647555.1266017755},"slope":null,"std_dev":{"confidence_interval":{"confidence_level":0.95,"lower_bound":3081059.6531940755,"upper_bound":3999148.167644303},"point_estimate":3589017.4424613337,"standard_error":234224.02083952102}}