{"mean":{"confidence_interval":{"confidence_level":0.95,"lower_bound":-0.10186065931872938,"upper_bound":-0.03973904464002716},"point_estimate":-0.07014963575507793,"standard_error":0.015873873947499662},"median":{"confidence_interval":{"confidence_level":0.95,"lower_bound":-0.020726102171792153,"upper_bound":-0.0057531827039505705},"point_estimate":-0.01364320290813592,"standard_error":0.0037163738890216734}}