{"mean":{"confidence_interval":{"confidence_level":0.95,"lower_bound":-0.027638481002430413,"upper_bound":0.025137136586686083},"point_estimate":-0.0011026444931843127,"standard_error":0.013469914923257444},"median":{"confidence_interval":{"confidence_level":0.95,"lower_bound":-0.0015178346725224223,"upper_bound":0.013283624127730764},"point_estimate":0.0033925643373056147,"standard_error":0.004246335464473187}}