{"mean":{"confidence_interval":{"confidence_level":0.95,"lower_bound":26628966.45,"upper_bound":26772749.1125},"point_estimate":26697297.0,"standard_error":36695.668694085136},"median":{"confidence_interval":{"confidence_level":0.95,"lower_bound":26541150.0,"upper_bound":26671175.0},"point_estimate":26582925.0,"standard_error":34482.880497850216},"median_abs_dev":{"confidence_interval":{"confidence_level":0.95,"lower_bound":176985.37185788155,"upper_bound":303599.40961003304},"point_estimate":239328.7007510662,"standard_error":32276.04252449257},"slope":null,"std_dev":{"confidence_interval":{"confidence_level":0.95,"lower_bound":265960.06614239607,"upper_bound":459639.2690040305},"point_estimate":367551.5118038462,"standard_error":49647.72269349136}}