{"mean":{"confidence_interval":{"confidence_level":0.95,"lower_bound":-0.23400767593576405,"upper_bound":-0.21641701205502076},"point_estimate":-0.2253322755283924,"standard_error":0.004384889729763251},"median":{"confidence_interval":{"confidence_level":0.95,"lower_bound":-0.23569237754618133,"upper_bound":-0.21156062292654532},"point_estimate":-0.22414548003667611,"standard_error":0.006334047430510655}}