{"mean":{"confidence_interval":{"confidence_level":0.95,"lower_bound":20431858.61875,"upper_bound":20683887.63125},"point_estimate":20554430.75,"standard_error":64296.723534747565},"median":{"confidence_interval":{"confidence_level":0.95,"lower_bound":20349775.0,"upper_bound":20586925.0},"point_estimate":20445325.0,"standard_error":59398.247052922015},"median_abs_dev":{"confidence_interval":{"confidence_level":0.95,"lower_bound":405398.43030273914,"upper_bound":721396.0821926594},"point_estimate":606883.7667256594,"standard_error":78298.14918238173},"slope":null,"std_dev":{"confidence_interval":{"confidence_level":0.95,"lower_bound":519431.00564245426,"upper_bound":762431.3991450807},"point_estimate":643948.0999486388,"standard_error":62352.3269026136}}