{"mean":{"confidence_interval":{"confidence_level":0.95,"lower_bound":84572941.9375,"upper_bound":85180282.0625},"point_estimate":84834637.5,"standard_error":157453.51152797003},"median":{"confidence_interval":{"confidence_level":0.95,"lower_bound":84448750.0,"upper_bound":84688400.0},"point_estimate":84593975.0,"standard_error":69050.26577754403},"median_abs_dev":{"confidence_interval":{"confidence_level":0.95,"lower_bound":189661.60163283348,"upper_bound":383993.3931827545},"point_estimate":283547.2449660301,"standard_error":49395.99488346783},"slope":null,"std_dev":{"confidence_interval":{"confidence_level":0.95,"lower_bound":363328.40739959787,"upper_bound":1515636.0877060532},"point_estimate":1007328.956642777,"standard_error":320022.42133027315}}