{"mean":{"confidence_interval":{"confidence_level":0.95,"lower_bound":78593358.59375,"upper_bound":78838290.1875},"point_estimate":78710422.5,"standard_error":62533.263064804785},"median":{"confidence_interval":{"confidence_level":0.95,"lower_bound":78520775.0,"upper_bound":78688775.0},"point_estimate":78623225.0,"standard_error":41410.94171298553},"median_abs_dev":{"confidence_interval":{"confidence_level":0.95,"lower_bound":181692.62677431107,"upper_bound":481251.95145606995},"point_estimate":324281.67924284935,"standard_error":71501.33972566492},"slope":null,"std_dev":{"confidence_interval":{"confidence_level":0.95,"lower_bound":274576.1790387995,"upper_bound":503693.4806366839},"point_estimate":400089.13573359034,"standard_error":58829.25066675403}}