{"mean":{"confidence_interval":{"confidence_level":0.95,"lower_bound":24372484.849999998,"upper_bound":25375220.649999995},"point_estimate":24871519.66666668,"standard_error":256654.08182431702},"median":{"confidence_interval":{"confidence_level":0.95,"lower_bound":23760900.0,"upper_bound":25691100.0},"point_estimate":25034233.333333336,"standard_error":470404.0647030995},"median_abs_dev":{"confidence_interval":{"confidence_level":0.95,"lower_bound":2512438.6253953,"upper_bound":3671067.6480755205},"point_estimate":3169526.9337296477,"standard_error":303468.3545351394},"slope":null,"std_dev":{"confidence_interval":{"confidence_level":0.95,"lower_bound":2276224.440845643,"upper_bound":2866141.083435359},"point_estimate":2578631.013841738,"standard_error":150406.6887451986}}