{"mean":{"confidence_interval":{"confidence_level":0.95,"lower_bound":959567.5374999999,"upper_bound":1005075.708333333},"point_estimate":978599.2083333331,"standard_error":11784.685492206088},"median":{"confidence_interval":{"confidence_level":0.95,"lower_bound":946554.1666666667,"upper_bound":973425.0},"point_estimate":955408.3333333333,"standard_error":8845.946069890899},"median_abs_dev":{"confidence_interval":{"confidence_level":0.95,"lower_bound":42390.0042474271,"upper_bound":68678.3550307155},"point_estimate":53345.800302922726,"standard_error":7287.5602321444285},"slope":null,"std_dev":{"confidence_interval":{"confidence_level":0.95,"lower_bound":49097.968645315625,"upper_bound":187257.76661438483},"point_estimate":118883.19374855062,"standard_error":42720.57405903212}}