{"mean":{"confidence_interval":{"confidence_level":0.95,"lower_bound":0.04203220697455889,"upper_bound":0.15099983708914805},"point_estimate":0.09012413922916562,"standard_error":0.02712580541424102},"median":{"confidence_interval":{"confidence_level":0.95,"lower_bound":-0.02129731579047145,"upper_bound":0.005590611610296836},"point_estimate":-0.010486400474391533,"standard_error":0.006901819895994861}}