{"mean":{"confidence_interval":{"confidence_level":0.95,"lower_bound":3540003.485000001,"upper_bound":3650266.1000000006},"point_estimate":3591279.9999999995,"standard_error":28193.63567788758},"median":{"confidence_interval":{"confidence_level":0.95,"lower_bound":3476113.3333333335,"upper_bound":3490213.3333333335},"point_estimate":3483053.3333333335,"standard_error":3608.6505486069946},"median_abs_dev":{"confidence_interval":{"confidence_level":0.95,"lower_bound":19753.173649311295,"upper_bound":39476.69529914833},"point_estimate":29093.553483486405,"standard_error":5436.307373600571},"slope":null,"std_dev":{"confidence_interval":{"confidence_level":0.95,"lower_bound":188363.1158588421,"upper_bound":361886.99120707565},"point_estimate":283314.13449075335,"standard_error":44442.32661750688}}