{"mean":{"confidence_interval":{"confidence_level":0.95,"lower_bound":30076496.4625,"upper_bound":30582994.35},"point_estimate":30321263.0,"standard_error":128734.84646546422},"median":{"confidence_interval":{"confidence_level":0.95,"lower_bound":29748300.0,"upper_bound":30341625.0},"point_estimate":30132850.0,"standard_error":148335.81215359876},"median_abs_dev":{"confidence_interval":{"confidence_level":0.95,"lower_bound":841672.0050573349,"upper_bound":1387750.6403625011},"point_estimate":1171772.8891968727,"standard_error":138080.30487516665},"slope":null,"std_dev":{"confidence_interval":{"confidence_level":0.95,"lower_bound":1024205.9128289557,"upper_bound":1554549.3631708454},"point_estimate":1296533.3179975662,"standard_error":135866.73576209368}}