{"mean":{"confidence_interval":{"confidence_level":0.95,"lower_bound":5519302.985,"upper_bound":5679352.085},"point_estimate":5597941.5,"standard_error":40931.03046336796},"median":{"confidence_interval":{"confidence_level":0.95,"lower_bound":5340380.0,"upper_bound":5550360.0},"point_estimate":5396250.0,"standard_error":49318.09704394192},"median_abs_dev":{"confidence_interval":{"confidence_level":0.95,"lower_bound":170521.2359726429,"upper_bound":473155.6583248065},"point_estimate":290411.682844162,"standard_error":70305.94903305334},"slope":null,"std_dev":{"confidence_interval":{"confidence_level":0.95,"lower_bound":360155.58176603075,"upper_bound":450472.98246466724},"point_estimate":409705.2626254388,"standard_error":22920.80123227753}}