{"mean":{"confidence_interval":{"confidence_level":0.95,"lower_bound":3037388.360416667,"upper_bound":3104353.3145833337},"point_estimate":3068493.25,"standard_error":17103.32609900897},"median":{"confidence_interval":{"confidence_level":0.95,"lower_bound":2988037.5,"upper_bound":3016958.3333333335},"point_estimate":3000079.166666667,"standard_error":8620.22646112235},"median_abs_dev":{"confidence_interval":{"confidence_level":0.95,"lower_bound":34149.2193937304,"upper_bound":78516.02360606217},"point_estimate":51890.99907875095,"standard_error":11961.574817856284},"slope":null,"std_dev":{"confidence_interval":{"confidence_level":0.95,"lower_bound":109984.64279436463,"upper_bound":230545.73562542786},"point_estimate":172545.37380323032,"standard_error":31151.229033136126}}