{"mean":{"confidence_interval":{"confidence_level":0.95,"lower_bound":80.65390389821786,"upper_bound":81.95371419948484},"point_estimate":81.15204840146772,"standard_error":0.3484956543256605},"median":{"confidence_interval":{"confidence_level":0.95,"lower_bound":80.43213157775489,"upper_bound":80.74011632127905},"point_estimate":80.58386774975061,"standard_error":0.07464091153974113},"median_abs_dev":{"confidence_interval":{"confidence_level":0.95,"lower_bound":0.5093279621282473,"upper_bound":0.8828802609846828},"point_estimate":0.6856298298677974,"standard_error":0.09360156126761819},"slope":{"confidence_interval":{"confidence_level":0.95,"lower_bound":80.7522730883593,"upper_bound":81.71864221376826},"point_estimate":81.1986083155226,"standard_error":0.24778043861725696},"std_dev":{"confidence_interval":{"confidence_level":0.95,"lower_bound":0.8189448085148817,"upper_bound":5.785494395919025},"point_estimate":3.4837116768784244,"standard_error":1.6182333098513397}}