{"mean":{"confidence_interval":{"confidence_level":0.95,"lower_bound":1728203.7699020794,"upper_bound":1745990.38410163},"point_estimate":1736475.601534674,"standard_error":4534.898354057611},"median":{"confidence_interval":{"confidence_level":0.95,"lower_bound":1719593.6921296297,"upper_bound":1736095.9895833335},"point_estimate":1728284.7916666665,"standard_error":4228.422761935606},"median_abs_dev":{"confidence_interval":{"confidence_level":0.95,"lower_bound":11315.635424107255,"upper_bound":31257.69457132495},"point_estimate":19599.89051896777,"standard_error":5156.044833273259},"slope":{"confidence_interval":{"confidence_level":0.95,"lower_bound":1732136.0562334412,"upper_bound":1755399.1517316066},"point_estimate":1743713.6235320687,"standard_error":5940.351500975133},"std_dev":{"confidence_interval":{"confidence_level":0.95,"lower_bound":17794.161544217757,"upper_bound":39274.87224877964},"point_estimate":29103.955473342543,"standard_error":5712.654478821273}}