{"mean":{"confidence_interval":{"confidence_level":0.95,"lower_bound":18983479.625000004,"upper_bound":19566051.324999996},"point_estimate":19257845.000000007,"standard_error":148583.33004366525},"median":{"confidence_interval":{"confidence_level":0.95,"lower_bound":18665933.333333332,"upper_bound":19218733.333333332},"point_estimate":18858050.0,"standard_error":139055.93645205264},"median_abs_dev":{"confidence_interval":{"confidence_level":0.95,"lower_bound":896157.554090023,"upper_bound":1421640.4047608385},"point_estimate":1117163.790166377,"standard_error":132091.87247344537},"slope":null,"std_dev":{"confidence_interval":{"confidence_level":0.95,"lower_bound":1064581.3949189205,"upper_bound":1972478.6969072144},"point_estimate":1496895.2322556204,"standard_error":246473.5423108616}}