{"mean":{"confidence_interval":{"confidence_level":0.95,"lower_bound":4205281.870833334,"upper_bound":4383059.954166668},"point_estimate":4294399.999999999,"standard_error":45495.22424343503},"median":{"confidence_interval":{"confidence_level":0.95,"lower_bound":4184450.0,"upper_bound":4515633.333333334},"point_estimate":4446770.833333334,"standard_error":87170.66791615413},"median_abs_dev":{"confidence_interval":{"confidence_level":0.95,"lower_bound":349041.0988032818,"upper_bound":681816.8403953315},"point_estimate":504145.76604962256,"standard_error":90715.54453819021},"slope":null,"std_dev":{"confidence_interval":{"confidence_level":0.95,"lower_bound":416145.7810939747,"upper_bound":495168.86287350854},"point_estimate":457980.0117719767,"standard_error":20171.31073706608}}