{"mean":{"confidence_interval":{"confidence_level":0.95,"lower_bound":998792.7809475606,"upper_bound":1006282.3511326348},"point_estimate":1002269.3366862914,"standard_error":1918.069558487734},"median":{"confidence_interval":{"confidence_level":0.95,"lower_bound":994983.4292289988,"upper_bound":999777.3319703552},"point_estimate":996647.4137931034,"standard_error":1347.8025181724252},"median_abs_dev":{"confidence_interval":{"confidence_level":0.95,"lower_bound":6659.544155963022,"upper_bound":12183.003411425885},"point_estimate":8422.843697828952,"standard_error":1379.0002231407898},"slope":{"confidence_interval":{"confidence_level":0.95,"lower_bound":998214.9121855829,"upper_bound":1005792.5761854615},"point_estimate":1001670.5851928476,"standard_error":1942.9250211477085},"std_dev":{"confidence_interval":{"confidence_level":0.95,"lower_bound":12294.154116921703,"upper_bound":25492.137404767742},"point_estimate":19271.646677576136,"standard_error":3389.53250997525}}