{"mean":{"confidence_interval":{"confidence_level":0.95,"lower_bound":-0.22860108403316856,"upper_bound":-0.17875012111534916},"point_estimate":-0.20409438068786256,"standard_error":0.01266254259921561},"median":{"confidence_interval":{"confidence_level":0.95,"lower_bound":-0.27195782201162344,"upper_bound":-0.22051172094193028},"point_estimate":-0.24247220939889624,"standard_error":0.013453330362934097}}