{"mean":{"confidence_interval":{"confidence_level":0.95,"lower_bound":1796911.4119343432,"upper_bound":1862013.4935777134},"point_estimate":1827542.6510810235,"standard_error":16691.07816907957},"median":{"confidence_interval":{"confidence_level":0.95,"lower_bound":1758043.5936015204,"upper_bound":1782736.4615384615},"point_estimate":1765875.8928571427,"standard_error":7421.738619457096},"median_abs_dev":{"confidence_interval":{"confidence_level":0.95,"lower_bound":10288.10513130909,"upper_bound":37946.84220323213},"point_estimate":21595.200355507466,"standard_error":8259.390441216507},"slope":{"confidence_interval":{"confidence_level":0.95,"lower_bound":1763818.2823710886,"upper_bound":1773085.6818209344},"point_estimate":1768222.202453081,"standard_error":2363.609443066107},"std_dev":{"confidence_interval":{"confidence_level":0.95,"lower_bound":117932.61637078595,"upper_bound":206481.23082529075},"point_estimate":168091.8759100213,"standard_error":22763.33222730816}}