{"mean":{"confidence_interval":{"confidence_level":0.95,"lower_bound":-0.13777045179943834,"upper_bound":-0.12198889300750608},"point_estimate":-0.1298637351533488,"standard_error":0.004080881599705389},"median":{"confidence_interval":{"confidence_level":0.95,"lower_bound":-0.13773352620201662,"upper_bound":-0.1311881361758248},"point_estimate":-0.13365961515375713,"standard_error":0.001779237748128093}}