{"mean":{"confidence_interval":{"confidence_level":0.95,"lower_bound":1609854.436710511,"upper_bound":1624030.0110937601},"point_estimate":1616464.0208519236,"standard_error":3627.074830165796},"median":{"confidence_interval":{"confidence_level":0.95,"lower_bound":1605236.5165631468,"upper_bound":1613783.6752136752},"point_estimate":1607842.6436781608,"standard_error":2017.8386701131456},"median_abs_dev":{"confidence_interval":{"confidence_level":0.95,"lower_bound":6546.033518043986,"upper_bound":19206.023659025042},"point_estimate":11011.976878801663,"standard_error":2952.320614125527},"slope":{"confidence_interval":{"confidence_level":0.95,"lower_bound":1611713.810508065,"upper_bound":1624218.953765617},"point_estimate":1617670.1957241795,"standard_error":3183.942530420257},"std_dev":{"confidence_interval":{"confidence_level":0.95,"lower_bound":14395.144309754416,"upper_bound":29717.493025842643},"point_estimate":23221.066362604728,"standard_error":3923.209479700639}}