{"mean":{"confidence_interval":{"confidence_level":0.95,"lower_bound":-0.25374254699030274,"upper_bound":0.06852012153793323},"point_estimate":-0.1134198681917522,"standard_error":0.08061386947961652},"median":{"confidence_interval":{"confidence_level":0.95,"lower_bound":-0.1991026236102823,"upper_bound":-0.12515083798882676},"point_estimate":-0.16891560899576918,"standard_error":0.018741663656771913}}