{"mean":{"confidence_interval":{"confidence_level":0.95,"lower_bound":243757116.875,"upper_bound":245231813.8125},"point_estimate":244475985.0,"standard_error":378172.23767481436},"median":{"confidence_interval":{"confidence_level":0.95,"lower_bound":242884800.0,"upper_bound":245323650.0},"point_estimate":243647750.0,"standard_error":625515.4850162806},"median_abs_dev":{"confidence_interval":{"confidence_level":0.95,"lower_bound":997048.482298851,"upper_bound":3482404.9481749535},"point_estimate":2198473.3709692955,"standard_error":651472.5458685172},"slope":null,"std_dev":{"confidence_interval":{"confidence_level":0.95,"lower_bound":1925858.1787760889,"upper_bound":2782514.724702427},"point_estimate":2413131.226260571,"standard_error":217293.8314900176}}