{"mean":{"confidence_interval":{"confidence_level":0.95,"lower_bound":0.026734055678585583,"upper_bound":0.06037443058492327},"point_estimate":0.043617670174041834,"standard_error":0.008596481733629242},"median":{"confidence_interval":{"confidence_level":0.95,"lower_bound":0.026072751168403796,"upper_bound":0.04223673236414993},"point_estimate":0.03448305559143949,"standard_error":0.004347662046092566}}