{"mean":{"confidence_interval":{"confidence_level":0.95,"lower_bound":-0.33788732161945445,"upper_bound":-0.32139969160226356},"point_estimate":-0.33026498522415215,"standard_error":0.004045005934801721},"median":{"confidence_interval":{"confidence_level":0.95,"lower_bound":-0.3463372124115378,"upper_bound":-0.34153220625806774},"point_estimate":-0.3433195164974161,"standard_error":0.001401786104613057}}