{"mean":{"confidence_interval":{"confidence_level":0.95,"lower_bound":41220131.171875,"upper_bound":41505695.265625},"point_estimate":41359648.125,"standard_error":73062.26197066171},"median":{"confidence_interval":{"confidence_level":0.95,"lower_bound":41154462.5,"upper_bound":41514725.0},"point_estimate":41414162.5,"standard_error":77549.86750791209},"median_abs_dev":{"confidence_interval":{"confidence_level":0.95,"lower_bound":196833.67900550365,"upper_bound":620319.8289871216},"point_estimate":391665.8480465412,"standard_error":111144.32289913588},"slope":null,"std_dev":{"confidence_interval":{"confidence_level":0.95,"lower_bound":342594.22373914206,"upper_bound":583151.9138416311},"point_estimate":467351.4411357374,"standard_error":62434.31896975367}}