{"mean":{"confidence_interval":{"confidence_level":0.95,"lower_bound":2889450.443055556,"upper_bound":2898575.513888891},"point_estimate":2893840.6111111115,"standard_error":2327.4030363768966},"median":{"confidence_interval":{"confidence_level":0.95,"lower_bound":2883977.777777778,"upper_bound":2894063.888888889},"point_estimate":2889363.888888889,"standard_error":2771.2825223388522},"median_abs_dev":{"confidence_interval":{"confidence_level":0.95,"lower_bound":14002.333084742306,"upper_bound":25566.6128794353},"point_estimate":20389.867971340776,"standard_error":3224.472962120988},"slope":null,"std_dev":{"confidence_interval":{"confidence_level":0.95,"lower_bound":17904.541294949697,"upper_bound":29826.30984500997},"point_estimate":23466.470744819788,"standard_error":3188.5818679603785}}