{"mean":{"confidence_interval":{"confidence_level":0.95,"lower_bound":0.08414215127227485,"upper_bound":0.1753126533119177},"point_estimate":0.12680070276872546,"standard_error":0.02350686365408774},"median":{"confidence_interval":{"confidence_level":0.95,"lower_bound":0.011505101623867182,"upper_bound":0.14056202436028187},"point_estimate":0.05470963369195081,"standard_error":0.03402767917700393}}