{"mean":{"confidence_interval":{"confidence_level":0.95,"lower_bound":866239.14375,"upper_bound":923164.42375},"point_estimate":890154.75,"standard_error":14723.328721010277},"median":{"confidence_interval":{"confidence_level":0.95,"lower_bound":844875.0,"upper_bound":866440.0},"point_estimate":857422.5,"standard_error":5306.11958430597},"median_abs_dev":{"confidence_interval":{"confidence_level":0.95,"lower_bound":35967.875361442566,"upper_bound":60660.76324805613},"point_estimate":50671.56060039997,"standard_error":6044.141631564815},"slope":null,"std_dev":{"confidence_interval":{"confidence_level":0.95,"lower_bound":62849.521489360595,"upper_bound":231494.0932196836},"point_estimate":147965.7611609759,"standard_error":52434.9171634327}}