{"mean":{"confidence_interval":{"confidence_level":0.95,"lower_bound":3327836.5816666684,"upper_bound":3358522.9650000012},"point_estimate":3340515.4,"standard_error":8004.242007618377},"median":{"confidence_interval":{"confidence_level":0.95,"lower_bound":3320353.3333333335,"upper_bound":3329140.0},"point_estimate":3323006.666666667,"standard_error":2095.527823372638},"median_abs_dev":{"confidence_interval":{"confidence_level":0.95,"lower_bound":11934.92978811264,"upper_bound":19842.129647731665},"point_estimate":17138.855695724833,"standard_error":2067.942725799334},"slope":null,"std_dev":{"confidence_interval":{"confidence_level":0.95,"lower_bound":24919.92814258247,"upper_bound":128132.80443128271},"point_estimate":80373.22857910441,"standard_error":30096.280036733708}}