{"mean":{"confidence_interval":{"confidence_level":0.95,"lower_bound":18732325.64999999,"upper_bound":19541536.400000002},"point_estimate":19135849.99999999,"standard_error":206552.11203087153},"median":{"confidence_interval":{"confidence_level":0.95,"lower_bound":17978316.666666664,"upper_bound":19747716.666666664},"point_estimate":19189833.333333336,"standard_error":545921.1943546908},"median_abs_dev":{"confidence_interval":{"confidence_level":0.95,"lower_bound":1963555.405139919,"upper_bound":3404963.8095498104},"point_estimate":3060629.965662958,"standard_error":380817.8659789918},"slope":null,"std_dev":{"confidence_interval":{"confidence_level":0.95,"lower_bound":1909500.4067487523,"upper_bound":2206951.451280398},"point_estimate":2072688.911823578,"standard_error":76004.69846885109}}