{"mean":{"confidence_interval":{"confidence_level":0.95,"lower_bound":1672301.3135488676,"upper_bound":1784611.1905307167},"point_estimate":1727254.7013063624,"standard_error":28773.933931048494},"median":{"confidence_interval":{"confidence_level":0.95,"lower_bound":1570431.3352826512,"upper_bound":1759718.1818181819},"point_estimate":1652169.847670251,"standard_error":41772.53535678218},"median_abs_dev":{"confidence_interval":{"confidence_level":0.95,"lower_bound":208730.1391193514,"upper_bound":354445.00241643423},"point_estimate":308568.3395062541,"standard_error":37588.68650908052},"slope":{"confidence_interval":{"confidence_level":0.95,"lower_bound":1750180.0445731832,"upper_bound":1879731.1605448464},"point_estimate":1817613.9432540268,"standard_error":32963.63661867353},"std_dev":{"confidence_interval":{"confidence_level":0.95,"lower_bound":245670.66096191795,"upper_bound":327916.25872788},"point_estimate":289438.4706051154,"standard_error":21015.622004633606}}