{"mean":{"confidence_interval":{"confidence_level":0.95,"lower_bound":269677032.0,"upper_bound":270930146.25},"point_estimate":270183887.5,"standard_error":328711.9016962629},"median":{"confidence_interval":{"confidence_level":0.95,"lower_bound":269408250.0,"upper_bound":270197150.0},"point_estimate":269813150.0,"standard_error":205522.59829121525},"median_abs_dev":{"confidence_interval":{"confidence_level":0.95,"lower_bound":631439.328789711,"upper_bound":1273256.8573951721},"point_estimate":1099496.1404800415,"standard_error":168994.0378274902},"slope":null,"std_dev":{"confidence_interval":{"confidence_level":0.95,"lower_bound":721899.7718736432,"upper_bound":3376058.5994588933},"point_estimate":2107183.0484282407,"standard_error":863877.1152414832}}