{"mean":{"confidence_interval":{"confidence_level":0.95,"lower_bound":5587795.975000001,"upper_bound":5636123.458333337},"point_estimate":5610857.222222223,"standard_error":12336.681720421051},"median":{"confidence_interval":{"confidence_level":0.95,"lower_bound":5544588.888888889,"upper_bound":5581833.333333333},"point_estimate":5566561.111111111,"standard_error":9322.729512414486},"median_abs_dev":{"confidence_interval":{"confidence_level":0.95,"lower_bound":35508.2693696022,"upper_bound":72927.44537194447},"point_estimate":52722.90239731455,"standard_error":9720.35153889253},"slope":null,"std_dev":{"confidence_interval":{"confidence_level":0.95,"lower_bound":96183.9013604378,"upper_bound":148494.33360041873},"point_estimate":124415.34321205881,"standard_error":13351.100859935603}}