{"mean":{"confidence_interval":{"confidence_level":0.95,"lower_bound":-0.09058422948696766,"upper_bound":-0.053093183480226874},"point_estimate":-0.07157085560608922,"standard_error":0.00956994961468554},"median":{"confidence_interval":{"confidence_level":0.95,"lower_bound":-0.05220903681151379,"upper_bound":-0.030850681293017046},"point_estimate":-0.0434491279243423,"standard_error":0.005840641679474079}}