{"mean":{"confidence_interval":{"confidence_level":0.95,"lower_bound":5015.109366758337,"upper_bound":5059.512737974144},"point_estimate":5034.970626283692,"standard_error":11.358637720756898},"median":{"confidence_interval":{"confidence_level":0.95,"lower_bound":5001.1203174232705,"upper_bound":5024.822569459815},"point_estimate":5010.3413161898225,"standard_error":6.146913127404962},"median_abs_dev":{"confidence_interval":{"confidence_level":0.95,"lower_bound":33.248007539811496,"upper_bound":60.96074896824117},"point_estimate":45.494498243512695,"standard_error":7.147087814226188},"slope":{"confidence_interval":{"confidence_level":0.95,"lower_bound":5047.173676230565,"upper_bound":5106.719786684529},"point_estimate":5074.763882831676,"standard_error":15.231445335250573},"std_dev":{"confidence_interval":{"confidence_level":0.95,"lower_bound":60.01159721452556,"upper_bound":167.7813981296473},"point_estimate":114.20714313014332,"standard_error":29.676535512901502}}