{"mean":{"confidence_interval":{"confidence_level":0.95,"lower_bound":-0.077492900787063,"upper_bound":0.019738601337719253},"point_estimate":-0.029239399326808968,"standard_error":0.02491276187262671},"median":{"confidence_interval":{"confidence_level":0.95,"lower_bound":-0.0489343123981123,"upper_bound":0.06806490797319602},"point_estimate":0.019977472009984343,"standard_error":0.032134383441239756}}