{"mean":{"confidence_interval":{"confidence_level":0.95,"lower_bound":14401066.15,"upper_bound":14801680.53125},"point_estimate":14598776.75,"standard_error":102498.51209553961},"median":{"confidence_interval":{"confidence_level":0.95,"lower_bound":14063650.0,"upper_bound":14859150.0},"point_estimate":14584700.0,"standard_error":193349.4976582287},"median_abs_dev":{"confidence_interval":{"confidence_level":0.95,"lower_bound":962522.4354118109,"upper_bound":1531192.1878159046},"point_estimate":1409303.9374798536,"standard_error":141204.8359357819},"slope":null,"std_dev":{"confidence_interval":{"confidence_level":0.95,"lower_bound":912749.8011752078,"upper_bound":1139530.3233284485},"point_estimate":1031468.1801660868,"standard_error":57977.40622011245}}