{"mean":{"confidence_interval":{"confidence_level":0.95,"lower_bound":122028796.425,"upper_bound":125661579.925},"point_estimate":123788295.0,"standard_error":926760.7414318207},"median":{"confidence_interval":{"confidence_level":0.95,"lower_bound":118066650.0,"upper_bound":120993450.0},"point_estimate":118690900.0,"standard_error":838598.409969712},"median_abs_dev":{"confidence_interval":{"confidence_level":0.95,"lower_bound":2154217.7617549896,"upper_bound":7048873.314857483},"point_estimate":3427845.2691435814,"standard_error":1364278.7897383652},"slope":null,"std_dev":{"confidence_interval":{"confidence_level":0.95,"lower_bound":7790001.40147886,"upper_bound":10568848.994862327},"point_estimate":9319389.684566421,"standard_error":708857.9552843916}}