{"mean":{"confidence_interval":{"confidence_level":0.95,"lower_bound":49057380.02083335,"upper_bound":50425113.00000001},"point_estimate":49755282.50000001,"standard_error":349280.5608161218},"median":{"confidence_interval":{"confidence_level":0.95,"lower_bound":49225900.0,"upper_bound":50921300.0},"point_estimate":49812200.0,"standard_error":447512.9983010273},"median_abs_dev":{"confidence_interval":{"confidence_level":0.95,"lower_bound":1400661.615133278,"upper_bound":3310645.741224289},"point_estimate":2387826.097607609,"standard_error":492145.3062406363},"slope":null,"std_dev":{"confidence_interval":{"confidence_level":0.95,"lower_bound":1746659.7257793588,"upper_bound":2627890.0938760634},"point_estimate":2238585.5925463256,"standard_error":225306.1138244913}}