{"mean":{"confidence_interval":{"confidence_level":0.95,"lower_bound":52031281.95833335,"upper_bound":53587718.624999985},"point_estimate":52762878.33333333,"standard_error":398493.9746801267},"median":{"confidence_interval":{"confidence_level":0.95,"lower_bound":51346750.0,"upper_bound":52057283.33333333},"point_estimate":51489716.666666664,"standard_error":185460.77662271},"median_abs_dev":{"confidence_interval":{"confidence_level":0.95,"lower_bound":392740.7330274582,"upper_bound":1576053.1920194551},"point_estimate":820347.2754359208,"standard_error":278201.46323361335},"slope":null,"std_dev":{"confidence_interval":{"confidence_level":0.95,"lower_bound":1704681.9857411978,"upper_bound":3239015.362914342},"point_estimate":2549707.6473666327,"standard_error":395945.30977342493}}