{"mean":{"confidence_interval":{"confidence_level":0.95,"lower_bound":-0.29497635114982246,"upper_bound":-0.2745465379869848},"point_estimate":-0.28458709621915046,"standard_error":0.005207143632703197},"median":{"confidence_interval":{"confidence_level":0.95,"lower_bound":-0.2840506706386714,"upper_bound":-0.2779822361578187},"point_estimate":-0.2815856327492252,"standard_error":0.0014795997375971002}}