{"mean":{"confidence_interval":{"confidence_level":0.95,"lower_bound":6614.981396436813,"upper_bound":6859.21866685854},"point_estimate":6730.107925256364,"standard_error":62.40091897159767},"median":{"confidence_interval":{"confidence_level":0.95,"lower_bound":6420.186431573293,"upper_bound":6489.193922660048},"point_estimate":6437.753262552533,"standard_error":19.206404499661947},"median_abs_dev":{"confidence_interval":{"confidence_level":0.95,"lower_bound":63.6474527403606,"upper_bound":181.08135383801135},"point_estimate":93.34437993908377,"standard_error":31.019354973842127},"slope":{"confidence_interval":{"confidence_level":0.95,"lower_bound":6665.117853487768,"upper_bound":7119.640078607868},"point_estimate":6888.211054289872,"standard_error":116.27246296237034},"std_dev":{"confidence_interval":{"confidence_level":0.95,"lower_bound":457.71151029981235,"upper_bound":770.3561426079708},"point_estimate":629.5191278585357,"standard_error":80.09875236095277}}