{"mean":{"confidence_interval":{"confidence_level":0.95,"lower_bound":2669621.9644736857,"upper_bound":2706831.1960526337},"point_estimate":2686906.9473684216,"standard_error":9545.393981969788},"median":{"confidence_interval":{"confidence_level":0.95,"lower_bound":2655173.6842105263,"upper_bound":2667010.5263157897},"point_estimate":2662900.0,"standard_error":3352.906482097914},"median_abs_dev":{"confidence_interval":{"confidence_level":0.95,"lower_bound":23471.89853065876,"upper_bound":45851.3549754491},"point_estimate":37611.220384899105,"standard_error":5759.512282481171},"slope":null,"std_dev":{"confidence_interval":{"confidence_level":0.95,"lower_bound":61301.481324575325,"upper_bound":127111.94804461597},"point_estimate":95940.10773694271,"standard_error":16981.678414483653}}