{"mean":{"confidence_interval":{"confidence_level":0.95,"lower_bound":2012.0904693583811,"upper_bound":2068.4404318376655},"point_estimate":2038.4127199086092,"standard_error":14.434066261300378},"median":{"confidence_interval":{"confidence_level":0.95,"lower_bound":1974.306832107843,"upper_bound":1987.9439511653718},"point_estimate":1979.2042723952327,"standard_error":3.3891460408433254},"median_abs_dev":{"confidence_interval":{"confidence_level":0.95,"lower_bound":16.620408051402308,"upper_bound":39.96308571026649},"point_estimate":25.10568907545127,"standard_error":6.369618251093613},"slope":{"confidence_interval":{"confidence_level":0.95,"lower_bound":2039.9960293834142,"upper_bound":2167.7808127290778},"point_estimate":2102.147604290719,"standard_error":32.71390554811992},"std_dev":{"confidence_interval":{"confidence_level":0.95,"lower_bound":96.80904983472928,"upper_bound":183.45578101888125},"point_estimate":145.34311139943372,"standard_error":22.127216774823463}}