{"mean":{"confidence_interval":{"confidence_level":0.95,"lower_bound":-0.16551310219872814,"upper_bound":-0.12083973070660509},"point_estimate":-0.14435200343294652,"standard_error":0.01139853710607752},"median":{"confidence_interval":{"confidence_level":0.95,"lower_bound":-0.19086268216683538,"upper_bound":-0.15506496615249088},"point_estimate":-0.17723386413684505,"standard_error":0.009215209312534013}}