{"mean":{"confidence_interval":{"confidence_level":0.95,"lower_bound":5923434.777777782,"upper_bound":5942837.358333334},"point_estimate":5931516.222222223,"standard_error":5043.968887984654},"median":{"confidence_interval":{"confidence_level":0.95,"lower_bound":5920444.444444444,"upper_bound":5924100.0},"point_estimate":5922194.444444444,"standard_error":938.3087590114164},"median_abs_dev":{"confidence_interval":{"confidence_level":0.95,"lower_bound":8574.369847774045,"upper_bound":18219.506343205925},"point_estimate":12906.856437523393,"standard_error":2529.86364921034},"slope":null,"std_dev":{"confidence_interval":{"confidence_level":0.95,"lower_bound":16971.496121069384,"upper_bound":80163.70070671134},"point_estimate":50613.16059080529,"standard_error":18166.95408848796}}