{"mean":{"confidence_interval":{"confidence_level":0.95,"lower_bound":6170325.555555558,"upper_bound":6188401.5583333345},"point_estimate":6178664.666666669,"standard_error":4607.54416318645},"median":{"confidence_interval":{"confidence_level":0.95,"lower_bound":6164211.111111111,"upper_bound":6176272.222222222},"point_estimate":6169600.0,"standard_error":3115.724781529681},"median_abs_dev":{"confidence_interval":{"confidence_level":0.95,"lower_bound":20204.542974630607,"upper_bound":32139.47276274394},"point_estimate":26530.30286232638,"standard_error":3080.1085974802922},"slope":null,"std_dev":{"confidence_interval":{"confidence_level":0.95,"lower_bound":28109.9502423478,"upper_bound":61086.28795418404},"point_estimate":46196.891109392745,"standard_error":8289.452363228153}}