{"mean":{"confidence_interval":{"confidence_level":0.95,"lower_bound":-0.18944061761835937,"upper_bound":-0.14680824939457912},"point_estimate":-0.16905338917120405,"standard_error":0.01081147626120631},"median":{"confidence_interval":{"confidence_level":0.95,"lower_bound":-0.20399382436176994,"upper_bound":-0.10056019293990082},"point_estimate":-0.1519396237689138,"standard_error":0.02689023961519012}}