{"mean":{"confidence_interval":{"confidence_level":0.95,"lower_bound":29618725.825,"upper_bound":31065332.375},"point_estimate":30288435.0,"standard_error":370047.728135848},"median":{"confidence_interval":{"confidence_level":0.95,"lower_bound":29154990.0,"upper_bound":29435750.0},"point_estimate":29279230.0,"standard_error":97034.4189433858},"median_abs_dev":{"confidence_interval":{"confidence_level":0.95,"lower_bound":233094.36786174774,"upper_bound":645435.0725412369},"point_estimate":373778.27936410904,"standard_error":115074.12636452465},"slope":null,"std_dev":{"confidence_interval":{"confidence_level":0.95,"lower_bound":1439930.4591798442,"upper_bound":2967669.1600052845},"point_estimate":2370654.6313331975,"standard_error":396736.5717513169}}