{"mean":{"confidence_interval":{"confidence_level":0.95,"lower_bound":0.03727826499657327,"upper_bound":0.07708929872361724},"point_estimate":0.05695417254555024,"standard_error":0.010173590598729501},"median":{"confidence_interval":{"confidence_level":0.95,"lower_bound":0.03767384596677359,"upper_bound":0.0734336846755097},"point_estimate":0.05081415493485375,"standard_error":0.008879608696266639}}