{"mean":{"confidence_interval":{"confidence_level":0.95,"lower_bound":-0.1674674437195372,"upper_bound":-0.12417011899119111},"point_estimate":-0.14603979044054338,"standard_error":0.01105928686313741},"median":{"confidence_interval":{"confidence_level":0.95,"lower_bound":-0.21598373269792903,"upper_bound":-0.17215704040170374},"point_estimate":-0.20338229989764744,"standard_error":0.011038851305296133}}