{"mean":{"confidence_interval":{"confidence_level":0.95,"lower_bound":1509382.7960526312,"upper_bound":1648380.8249999993},"point_estimate":1561455.6842105263,"standard_error":38446.66026875359},"median":{"confidence_interval":{"confidence_level":0.95,"lower_bound":1484450.0,"upper_bound":1531707.8947368423},"point_estimate":1511678.9473684211,"standard_error":13128.464038181713},"median_abs_dev":{"confidence_interval":{"confidence_level":0.95,"lower_bound":72054.35872077942,"upper_bound":125416.54565499023},"point_estimate":98854.30403445917,"standard_error":13441.996519235228},"slope":null,"std_dev":{"confidence_interval":{"confidence_level":0.95,"lower_bound":90975.37543452361,"upper_bound":650461.0903359964},"point_estimate":387084.7335836781,"standard_error":194593.6874044945}}