{"mean":{"confidence_interval":{"confidence_level":0.95,"lower_bound":17500218.4,"upper_bound":18287911.8},"point_estimate":17886971.25,"standard_error":200959.24381857298},"median":{"confidence_interval":{"confidence_level":0.95,"lower_bound":16941900.0,"upper_bound":18389400.0},"point_estimate":17684050.0,"standard_error":381743.2580352154},"median_abs_dev":{"confidence_interval":{"confidence_level":0.95,"lower_bound":1810643.7503546476,"upper_bound":2961772.824855521},"point_estimate":2330758.3536207676,"standard_error":294493.667565836},"slope":null,"std_dev":{"confidence_interval":{"confidence_level":0.95,"lower_bound":1775183.722086377,"upper_bound":2227436.3315349245},"point_estimate":2018748.3395382827,"standard_error":115697.1402095966}}