{"mean":{"confidence_interval":{"confidence_level":0.95,"lower_bound":166495831.225,"upper_bound":170006023.225},"point_estimate":168046291.0,"standard_error":901420.7681936766},"median":{"confidence_interval":{"confidence_level":0.95,"lower_bound":165520900.0,"upper_bound":166050950.0},"point_estimate":165792950.0,"standard_error":132883.10989938697},"median_abs_dev":{"confidence_interval":{"confidence_level":0.95,"lower_bound":696747.8576302528,"upper_bound":1275332.4973583221},"point_estimate":946788.3431911469,"standard_error":149198.29967649223},"slope":null,"std_dev":{"confidence_interval":{"confidence_level":0.95,"lower_bound":3854642.5131914993,"upper_bound":13035569.87981761},"point_estimate":9040271.218981568,"standard_error":2317739.764966413}}