{"mean":{"confidence_interval":{"confidence_level":0.95,"lower_bound":0.05887907076734576,"upper_bound":0.0820849849750775},"point_estimate":0.06918661346612986,"standard_error":0.0057487267411350275},"median":{"confidence_interval":{"confidence_level":0.95,"lower_bound":0.05338898376300877,"upper_bound":0.05659538039666339},"point_estimate":0.05513782474541151,"standard_error":0.0007941948322887874}}