{"mean":{"confidence_interval":{"confidence_level":0.95,"lower_bound":53842144.91666667,"upper_bound":54596975.041666664},"point_estimate":54206225.0,"standard_error":193292.68858034824},"median":{"confidence_interval":{"confidence_level":0.95,"lower_bound":53422883.333333336,"upper_bound":54392716.666666664},"point_estimate":53635766.66666667,"standard_error":251650.4680245492},"median_abs_dev":{"confidence_interval":{"confidence_level":0.95,"lower_bound":299139.2546892185,"upper_bound":1555889.8323774263},"point_estimate":676559.7879886719,"standard_error":328833.3326390635},"slope":null,"std_dev":{"confidence_interval":{"confidence_level":0.95,"lower_bound":948353.7463963754,"upper_bound":1423933.3988479264},"point_estimate":1236668.8490258807,"standard_error":121746.96577473512}}