{"mean":{"confidence_interval":{"confidence_level":0.95,"lower_bound":2496.6875454037463,"upper_bound":2548.493651257164},"point_estimate":2520.332319829709,"standard_error":13.235513964596564},"median":{"confidence_interval":{"confidence_level":0.95,"lower_bound":2471.9160104986877,"upper_bound":2485.261695229273},"point_estimate":2479.957293473909,"standard_error":3.3617337741900166},"median_abs_dev":{"confidence_interval":{"confidence_level":0.95,"lower_bound":18.871257682849766,"upper_bound":34.85915882135363},"point_estimate":26.68274467453598,"standard_error":4.2977073624451485},"slope":{"confidence_interval":{"confidence_level":0.95,"lower_bound":2492.9729677641585,"upper_bound":2535.1030770283073},"point_estimate":2512.029403151856,"standard_error":10.79017690368129},"std_dev":{"confidence_interval":{"confidence_level":0.95,"lower_bound":73.2639606436368,"upper_bound":179.60274873836136},"point_estimate":132.85160362296642,"standard_error":26.893790996030933}}