{"mean":{"confidence_interval":{"confidence_level":0.95,"lower_bound":-0.04613389372219683,"upper_bound":-0.003000405760234143},"point_estimate":-0.024585680681373234,"standard_error":0.011023488153097474},"median":{"confidence_interval":{"confidence_level":0.95,"lower_bound":-0.05360805781343436,"upper_bound":0.004838424575322131},"point_estimate":-0.03341676777995373,"standard_error":0.014289633584415104}}