{"mean":{"confidence_interval":{"confidence_level":0.95,"lower_bound":37387.05884180487,"upper_bound":37930.3371034641},"point_estimate":37607.50314029371,"standard_error":141.99099406820375},"median":{"confidence_interval":{"confidence_level":0.95,"lower_bound":37350.291005291,"upper_bound":37469.360269360266},"point_estimate":37421.96571759956,"standard_error":27.830148506386646},"median_abs_dev":{"confidence_interval":{"confidence_level":0.95,"lower_bound":228.8928035781316,"upper_bound":431.9646615549796},"point_estimate":319.7764649110686,"standard_error":52.91331240456471},"slope":{"confidence_interval":{"confidence_level":0.95,"lower_bound":37329.66843391907,"upper_bound":37719.22414370394},"point_estimate":37502.509422086485,"standard_error":100.41109334923271},"std_dev":{"confidence_interval":{"confidence_level":0.95,"lower_bound":481.4006005642986,"upper_bound":2290.7539979337134},"point_estimate":1425.2898599633754,"standard_error":564.0465442334481}}