{"mean":{"confidence_interval":{"confidence_level":0.95,"lower_bound":37519355.5625,"upper_bound":41106297.675},"point_estimate":39263715.5,"standard_error":913472.5999133171},"median":{"confidence_interval":{"confidence_level":0.95,"lower_bound":34194600.0,"upper_bound":38220450.0},"point_estimate":35782025.0,"standard_error":961695.5212821395},"median_abs_dev":{"confidence_interval":{"confidence_level":0.95,"lower_bound":4600952.498316765,"upper_bound":9782454.081326723},"point_estimate":6384779.721647501,"standard_error":1329467.8910176414},"slope":null,"std_dev":{"confidence_interval":{"confidence_level":0.95,"lower_bound":7652304.736985641,"upper_bound":10568099.244011898},"point_estimate":9197158.941081189,"standard_error":742798.7695878344}}