{"mean":{"confidence_interval":{"confidence_level":0.95,"lower_bound":30631314.3625,"upper_bound":31057019.6625},"point_estimate":30835383.5,"standard_error":109056.94643125885},"median":{"confidence_interval":{"confidence_level":0.95,"lower_bound":30417180.0,"upper_bound":30935520.0},"point_estimate":30513810.0,"standard_error":128510.67831159875},"median_abs_dev":{"confidence_interval":{"confidence_level":0.95,"lower_bound":200299.25644397736,"upper_bound":852761.8528604507},"point_estimate":532549.9105453491,"standard_error":144968.28960091408},"slope":null,"std_dev":{"confidence_interval":{"confidence_level":0.95,"lower_bound":506901.917113759,"upper_bound":850210.1682909486},"point_estimate":700307.1180910375,"standard_error":87714.9020274492}}