{"mean":{"confidence_interval":{"confidence_level":0.95,"lower_bound":55621424.625,"upper_bound":55940452.1},"point_estimate":55777288.0,"standard_error":81506.14479324766},"median":{"confidence_interval":{"confidence_level":0.95,"lower_bound":55366100.0,"upper_bound":55944400.0},"point_estimate":55622050.0,"standard_error":138150.7541957711},"median_abs_dev":{"confidence_interval":{"confidence_level":0.95,"lower_bound":665539.1281843185,"upper_bound":1136933.6430653925},"point_estimate":932555.3834438324,"standard_error":123573.41539160453},"slope":null,"std_dev":{"confidence_interval":{"confidence_level":0.95,"lower_bound":714861.8017464627,"upper_bound":909952.7584495636},"point_estimate":818475.471736535,"standard_error":49844.77339669845}}