{"mean":{"confidence_interval":{"confidence_level":0.95,"lower_bound":62047091.525,"upper_bound":62750234.025},"point_estimate":62382515.0,"standard_error":179469.91549585076},"median":{"confidence_interval":{"confidence_level":0.95,"lower_bound":61454800.0,"upper_bound":61672800.0},"point_estimate":61538300.0,"standard_error":63784.36684366173},"median_abs_dev":{"confidence_interval":{"confidence_level":0.95,"lower_bound":255748.49545955658,"upper_bound":541964.4203782082},"point_estimate":378285.38328409195,"standard_error":76897.29330740977},"slope":null,"std_dev":{"confidence_interval":{"confidence_level":0.95,"lower_bound":1387051.0119416227,"upper_bound":2145579.1437207283},"point_estimate":1801806.2775148496,"standard_error":193356.3442117975}}