{"mean":{"confidence_interval":{"confidence_level":0.95,"lower_bound":1922542.097,"upper_bound":1941364.686},"point_estimate":1931468.28,"standard_error":4809.924046232873},"median":{"confidence_interval":{"confidence_level":0.95,"lower_bound":1912320.0,"upper_bound":1923812.0},"point_estimate":1917370.0,"standard_error":3192.830172676113},"median_abs_dev":{"confidence_interval":{"confidence_level":0.95,"lower_bound":18244.875276088715,"upper_bound":35288.84457349777},"point_estimate":27425.134313106537,"standard_error":4289.406092772504},"slope":null,"std_dev":{"confidence_interval":{"confidence_level":0.95,"lower_bound":35686.23703961368,"upper_bound":59949.80735058004},"point_estimate":48321.16183717591,"standard_error":6211.3867503179845}}