{"mean":{"confidence_interval":{"confidence_level":0.95,"lower_bound":70433664.9,"upper_bound":72770217.05},"point_estimate":71472419.0,"standard_error":599956.2397438409},"median":{"confidence_interval":{"confidence_level":0.95,"lower_bound":69543600.0,"upper_bound":70105200.0},"point_estimate":69864750.0,"standard_error":156867.98225557953},"median_abs_dev":{"confidence_interval":{"confidence_level":0.95,"lower_bound":836334.645152092,"upper_bound":1599799.5015978813},"point_estimate":1239379.4479966164,"standard_error":193343.59116667297},"slope":null,"std_dev":{"confidence_interval":{"confidence_level":0.95,"lower_bound":2516615.5730155734,"upper_bound":8675513.062450513},"point_estimate":6035697.236562942,"standard_error":1554522.3976330177}}