{"mean":{"confidence_interval":{"confidence_level":0.95,"lower_bound":23251705.000000004,"upper_bound":23840967.84166667},"point_estimate":23517196.666666675,"standard_error":151655.7024707356},"median":{"confidence_interval":{"confidence_level":0.95,"lower_bound":23077866.666666668,"upper_bound":23205400.0},"point_estimate":23133033.333333332,"standard_error":36435.80038099497},"median_abs_dev":{"confidence_interval":{"confidence_level":0.95,"lower_bound":301901.2148901808,"upper_bound":600181.179344656},"point_estimate":445249.4820952406,"standard_error":74771.40784240463},"slope":null,"std_dev":{"confidence_interval":{"confidence_level":0.95,"lower_bound":780858.5361554823,"upper_bound":2142083.4999444536},"point_estimate":1524013.842802206,"standard_error":353532.8477102671}}