{"mean":{"confidence_interval":{"confidence_level":0.95,"lower_bound":56400385.27083335,"upper_bound":57546912.12500002},"point_estimate":56955841.66666667,"standard_error":292314.0753900435},"median":{"confidence_interval":{"confidence_level":0.95,"lower_bound":55545283.33333333,"upper_bound":57717133.33333333},"point_estimate":56381300.0,"standard_error":583866.397612201},"median_abs_dev":{"confidence_interval":{"confidence_level":0.95,"lower_bound":600486.3478392413,"upper_bound":2893639.788627617},"point_estimate":1765529.46865559,"standard_error":605720.9578608947},"slope":null,"std_dev":{"confidence_interval":{"confidence_level":0.95,"lower_bound":1448552.3173957828,"upper_bound":2211728.8902480933},"point_estimate":1871105.099667801,"standard_error":194688.5724235987}}