{"mean":{"confidence_interval":{"confidence_level":0.95,"lower_bound":-0.1569917541909741,"upper_bound":-0.11458787839581389},"point_estimate":-0.13566173350366706,"standard_error":0.010834418558360067},"median":{"confidence_interval":{"confidence_level":0.95,"lower_bound":-0.14495239344283622,"upper_bound":-0.12596217928309705},"point_estimate":-0.1331339274378821,"standard_error":0.005216770279919722}}