{"mean":{"confidence_interval":{"confidence_level":0.95,"lower_bound":421382296.25,"upper_bound":423123577.0625},"point_estimate":422208845.0,"standard_error":445591.71742158564},"median":{"confidence_interval":{"confidence_level":0.95,"lower_bound":420979550.0,"upper_bound":422486400.0},"point_estimate":421747550.0,"standard_error":371563.4691146896},"median_abs_dev":{"confidence_interval":{"confidence_level":0.95,"lower_bound":1214026.9884467125,"upper_bound":2951567.4405992012},"point_estimate":1977565.9748911858,"standard_error":419001.18179168226},"slope":null,"std_dev":{"confidence_interval":{"confidence_level":0.95,"lower_bound":1934974.3222335351,"upper_bound":3557511.706196229},"point_estimate":2855652.6087788832,"standard_error":415151.0677073631}}