{"mean":{"confidence_interval":{"confidence_level":0.95,"lower_bound":4190.875194107041,"upper_bound":4216.679684498693},"point_estimate":4202.562723508678,"standard_error":6.638719237795267},"median":{"confidence_interval":{"confidence_level":0.95,"lower_bound":4182.128060263653,"upper_bound":4193.561417396163},"point_estimate":4187.291054133519,"standard_error":2.9903003833961894},"median_abs_dev":{"confidence_interval":{"confidence_level":0.95,"lower_bound":16.499049662480424,"upper_bound":24.551686528735406},"point_estimate":20.45046447810596,"standard_error":2.0956242697590834},"slope":{"confidence_interval":{"confidence_level":0.95,"lower_bound":4189.718342548523,"upper_bound":4226.780613368921},"point_estimate":4205.329150939379,"standard_error":9.651451505818907},"std_dev":{"confidence_interval":{"confidence_level":0.95,"lower_bound":36.05323799176961,"upper_bound":94.27378556586815},"point_estimate":66.74808097931103,"standard_error":15.170792334200645}}