{"mean":{"confidence_interval":{"confidence_level":0.95,"lower_bound":140405064.65,"upper_bound":142639930.4},"point_estimate":141414581.0,"standard_error":574041.556358276},"median":{"confidence_interval":{"confidence_level":0.95,"lower_bound":139421200.0,"upper_bound":140000550.0},"point_estimate":139735350.0,"standard_error":137735.3213933344},"median_abs_dev":{"confidence_interval":{"confidence_level":0.95,"lower_bound":1010984.9220514297,"upper_bound":1906936.765395101},"point_estimate":1409656.0549736023,"standard_error":222785.4598981336},"slope":null,"std_dev":{"confidence_interval":{"confidence_level":0.95,"lower_bound":2904754.038795868,"upper_bound":7988021.16148079},"point_estimate":5770318.930644347,"standard_error":1275972.9818601694}}