{"mean":{"confidence_interval":{"confidence_level":0.95,"lower_bound":31808956.475,"upper_bound":33051353.2625},"point_estimate":32392091.0,"standard_error":317326.09931533854},"median":{"confidence_interval":{"confidence_level":0.95,"lower_bound":30868325.0,"upper_bound":32090500.0},"point_estimate":31179250.0,"standard_error":325747.8875711748},"median_abs_dev":{"confidence_interval":{"confidence_level":0.95,"lower_bound":1108605.7906933136,"upper_bound":2557855.6045889854},"point_estimate":1581489.3919229507,"standard_error":361822.60801294644},"slope":null,"std_dev":{"confidence_interval":{"confidence_level":0.95,"lower_bound":2203712.5325392573,"upper_bound":4147548.3890195834},"point_estimate":3184025.0099058677,"standard_error":503766.7316819635}}