{"mean":{"confidence_interval":{"confidence_level":0.95,"lower_bound":4088.4114889023745,"upper_bound":4288.14117881376},"point_estimate":4185.345180263845,"standard_error":50.96916254863472},"median":{"confidence_interval":{"confidence_level":0.95,"lower_bound":3884.746696035242,"upper_bound":4045.0006510275384},"point_estimate":3935.953374625992,"standard_error":42.36008705703028},"median_abs_dev":{"confidence_interval":{"confidence_level":0.95,"lower_bound":157.29412554352803,"upper_bound":362.6416300488353},"point_estimate":249.62873390684177,"standard_error":57.96273183655123},"slope":{"confidence_interval":{"confidence_level":0.95,"lower_bound":4202.450507581383,"upper_bound":4503.716020885044},"point_estimate":4354.218119938103,"standard_error":77.0370786217259},"std_dev":{"confidence_interval":{"confidence_level":0.95,"lower_bound":423.4049474952795,"upper_bound":581.8852334228342},"point_estimate":511.2400976290295,"standard_error":40.435169424492976}}