{"mean":{"confidence_interval":{"confidence_level":0.95,"lower_bound":-0.20996201803597198,"upper_bound":-0.05205788467433532},"point_estimate":-0.13514333842948734,"standard_error":0.04065871155491988},"median":{"confidence_interval":{"confidence_level":0.95,"lower_bound":-0.2002051152960963,"upper_bound":-0.04997168434876176},"point_estimate":-0.08476645420121287,"standard_error":0.03450986282656751}}