{"mean":{"confidence_interval":{"confidence_level":0.95,"lower_bound":53443843.55,"upper_bound":58493468.0},"point_estimate":55936651.0,"standard_error":1288741.1947160596},"median":{"confidence_interval":{"confidence_level":0.95,"lower_bound":48138400.0,"upper_bound":59161700.0},"point_estimate":54466500.0,"standard_error":3425232.8673693594},"median_abs_dev":{"confidence_interval":{"confidence_level":0.95,"lower_bound":10794513.88835907,"upper_bound":18180382.177233696},"point_estimate":14696568.759083748,"standard_error":2047669.0389705864},"slope":null,"std_dev":{"confidence_interval":{"confidence_level":0.95,"lower_bound":11339405.787869306,"upper_bound":14309520.094863791},"point_estimate":12915426.328549137,"standard_error":758400.2886802525}}