{"mean":{"confidence_interval":{"confidence_level":0.95,"lower_bound":19508379.65000001,"upper_bound":19634401.783333335},"point_estimate":19570332.666666668,"standard_error":32219.53393404511},"median":{"confidence_interval":{"confidence_level":0.95,"lower_bound":19426433.333333336,"upper_bound":19647100.0},"point_estimate":19517033.333333336,"standard_error":65680.84916268673},"median_abs_dev":{"confidence_interval":{"confidence_level":0.95,"lower_bound":268794.75747794175,"upper_bound":410531.93271160126},"point_estimate":325875.47421455657,"standard_error":36620.95487133065},"slope":null,"std_dev":{"confidence_interval":{"confidence_level":0.95,"lower_bound":271122.01898750145,"upper_bound":374038.0534338168},"point_estimate":322196.12962902535,"standard_error":26526.155923836723}}