{"mean":{"confidence_interval":{"confidence_level":0.95,"lower_bound":34840838.2375,"upper_bound":35096950.0625},"point_estimate":34960884.5,"standard_error":65591.39261058238},"median":{"confidence_interval":{"confidence_level":0.95,"lower_bound":34687400.0,"upper_bound":34803775.0},"point_estimate":34733025.0,"standard_error":29264.32177360099},"median_abs_dev":{"confidence_interval":{"confidence_level":0.95,"lower_bound":164123.8170862198,"upper_bound":353266.50872826576},"point_estimate":230989.07589912415,"standard_error":48925.35062270963},"slope":null,"std_dev":{"confidence_interval":{"confidence_level":0.95,"lower_bound":450791.38005901186,"upper_bound":828822.6874892903},"point_estimate":655820.5061197936,"standard_error":96520.74594716424}}