{"mean":{"confidence_interval":{"confidence_level":0.95,"lower_bound":5681.139810661167,"upper_bound":5842.275259068851},"point_estimate":5745.806421511335,"standard_error":42.45846102854289},"median":{"confidence_interval":{"confidence_level":0.95,"lower_bound":5649.614940719757,"upper_bound":5687.344979540447},"point_estimate":5658.012758605889,"standard_error":10.542360037256001},"median_abs_dev":{"confidence_interval":{"confidence_level":0.95,"lower_bound":21.71054055023341,"upper_bound":80.36300052258937},"point_estimate":39.86769159989974,"standard_error":15.327957668607576},"slope":{"confidence_interval":{"confidence_level":0.95,"lower_bound":5657.886395578244,"upper_bound":5721.202858497023},"point_estimate":5685.191919734747,"standard_error":16.37976958178865},"std_dev":{"confidence_interval":{"confidence_level":0.95,"lower_bound":71.83776820594046,"upper_bound":435.0858043109914},"point_estimate":272.5285376922965,"standard_error":112.87443142775271}}