{"mean":{"confidence_interval":{"confidence_level":0.95,"lower_bound":2077212.7020833327,"upper_bound":2082473.5499999996},"point_estimate":2079514.833333333,"standard_error":1355.9135356411698},"median":{"confidence_interval":{"confidence_level":0.95,"lower_bound":2075858.3333333335,"upper_bound":2078500.0},"point_estimate":2077008.3333333333,"standard_error":795.9810060524533},"median_abs_dev":{"confidence_interval":{"confidence_level":0.95,"lower_bound":4092.593677342053,"upper_bound":6520.351134240743},"point_estimate":5294.117406010685,"standard_error":591.834982972292},"slope":null,"std_dev":{"confidence_interval":{"confidence_level":0.95,"lower_bound":5611.977747582461,"upper_bound":20624.904949964453},"point_estimate":13690.301229532208,"standard_error":4025.3771486688356}}