{"mean":{"confidence_interval":{"confidence_level":0.95,"lower_bound":242432.9095085965,"upper_bound":250023.32827604076},"point_estimate":246141.8763737832,"standard_error":1941.5201682389982},"median":{"confidence_interval":{"confidence_level":0.95,"lower_bound":232679.96247412008,"upper_bound":240912.5},"point_estimate":235595.15692640693,"standard_error":2134.8805637268006},"median_abs_dev":{"confidence_interval":{"confidence_level":0.95,"lower_bound":4374.054236861174,"upper_bound":15989.995691730592},"point_estimate":8167.333701154693,"standard_error":2896.7524548169704},"slope":{"confidence_interval":{"confidence_level":0.95,"lower_bound":250300.7073165114,"upper_bound":260734.15135411313},"point_estimate":255759.62368848824,"standard_error":2659.808934062403},"std_dev":{"confidence_interval":{"confidence_level":0.95,"lower_bound":16975.89942406279,"upper_bound":21447.956175484684},"point_estimate":19503.288291727302,"standard_error":1142.9490327026058}}