{"mean":{"confidence_interval":{"confidence_level":0.95,"lower_bound":20402704.16666666,"upper_bound":20931216.608333334},"point_estimate":20670546.666666664,"standard_error":135256.41465535676},"median":{"confidence_interval":{"confidence_level":0.95,"lower_bound":20525616.666666664,"upper_bound":21434700.0},"point_estimate":20972600.0,"standard_error":224536.4523517374},"median_abs_dev":{"confidence_interval":{"confidence_level":0.95,"lower_bound":968113.0728125582,"upper_bound":1729823.5192894936},"point_estimate":1261964.3875956545,"standard_error":190960.6655469077},"slope":null,"std_dev":{"confidence_interval":{"confidence_level":0.95,"lower_bound":1193146.2263223552,"upper_bound":1494378.307744366},"point_estimate":1357180.9646705915,"standard_error":76605.71126151097}}