{"mean":{"confidence_interval":{"confidence_level":0.95,"lower_bound":17172771.6,"upper_bound":17704774.49375},"point_estimate":17444976.25,"standard_error":135336.5784519246},"median":{"confidence_interval":{"confidence_level":0.95,"lower_bound":17357225.0,"upper_bound":18081675.0},"point_estimate":17763912.5,"standard_error":207223.8879265894},"median_abs_dev":{"confidence_interval":{"confidence_level":0.95,"lower_bound":857962.0722681284,"upper_bound":1617924.286276102},"point_estimate":1194901.4487862587,"standard_error":201988.21623889476},"slope":null,"std_dev":{"confidence_interval":{"confidence_level":0.95,"lower_bound":1161789.10932113,"upper_bound":1532733.7059361618},"point_estimate":1360437.0632531727,"standard_error":94844.03893841391}}