{"mean":{"confidence_interval":{"confidence_level":0.95,"lower_bound":965.6512624068495,"upper_bound":1009.3602454429783},"point_estimate":987.1425247688144,"standard_error":11.163567747212236},"median":{"confidence_interval":{"confidence_level":0.95,"lower_bound":912.6939146963625,"upper_bound":928.5140703282296},"point_estimate":918.8181026712552,"standard_error":4.639259424361067},"median_abs_dev":{"confidence_interval":{"confidence_level":0.95,"lower_bound":15.131692678897364,"upper_bound":50.968152339488256},"point_estimate":23.9138168633684,"standard_error":10.442362657687042},"slope":{"confidence_interval":{"confidence_level":0.95,"lower_bound":928.1939235978855,"upper_bound":957.7506568169708},"point_estimate":940.9384259519599,"standard_error":7.594240315253965},"std_dev":{"confidence_interval":{"confidence_level":0.95,"lower_bound":99.84276013310883,"upper_bound":119.76226366194733},"point_estimate":111.83775286856157,"standard_error":5.093256584943962}}