{"mean":{"confidence_interval":{"confidence_level":0.95,"lower_bound":-0.004728206399969238,"upper_bound":0.17094717859689001},"point_estimate":0.07908847184986634,"standard_error":0.04476618994473995},"median":{"confidence_interval":{"confidence_level":0.95,"lower_bound":0.03146482258784111,"upper_bound":0.09192923822688459},"point_estimate":0.0637510336714846,"standard_error":0.015781454222752046}}