{"mean":{"confidence_interval":{"confidence_level":0.95,"lower_bound":0.006055230062844835,"upper_bound":0.029593667008413888},"point_estimate":0.017570509661301914,"standard_error":0.005983753231186767},"median":{"confidence_interval":{"confidence_level":0.95,"lower_bound":0.007058470270533634,"upper_bound":0.01500234517655974},"point_estimate":0.011291192874765432,"standard_error":0.001910050163504821}}