{"mean":{"confidence_interval":{"confidence_level":0.95,"lower_bound":46062484.95,"upper_bound":46597123.2375},"point_estimate":46324548.0,"standard_error":136695.07414935392},"median":{"confidence_interval":{"confidence_level":0.95,"lower_bound":45984300.0,"upper_bound":46415650.0},"point_estimate":46244375.0,"standard_error":103624.62749056141},"median_abs_dev":{"confidence_interval":{"confidence_level":0.95,"lower_bound":945268.6782181263,"upper_bound":1723818.9893960953},"point_estimate":1322034.3965291977,"standard_error":192220.52766035183},"slope":null,"std_dev":{"confidence_interval":{"confidence_level":0.95,"lower_bound":1173330.6875239862,"upper_bound":1552814.7789051766},"point_estimate":1374900.3346233773,"standard_error":96919.31013087838}}