{"mean":{"confidence_interval":{"confidence_level":0.95,"lower_bound":5058821.034999999,"upper_bound":5174863.2575},"point_estimate":5116413.7,"standard_error":29569.8953167617},"median":{"confidence_interval":{"confidence_level":0.95,"lower_bound":4932580.0,"upper_bound":5218870.0},"point_estimate":5061025.0,"standard_error":76436.8653298301},"median_abs_dev":{"confidence_interval":{"confidence_level":0.95,"lower_bound":247920.36759853363,"upper_bound":453631.11394643784},"point_estimate":408730.5737435818,"standard_error":58440.069889555256},"slope":null,"std_dev":{"confidence_interval":{"confidence_level":0.95,"lower_bound":272038.66505396523,"upper_bound":315180.7696018817},"point_estimate":295579.89844876097,"standard_error":10980.62827591496}}