{"mean":{"confidence_interval":{"confidence_level":0.95,"lower_bound":77769.37989567863,"upper_bound":78855.6722485142},"point_estimate":78173.45842687061,"standard_error":304.6484766613486},"median":{"confidence_interval":{"confidence_level":0.95,"lower_bound":77512.05787415893,"upper_bound":77763.37209302325},"point_estimate":77626.32507356876,"standard_error":63.149553787651215},"median_abs_dev":{"confidence_interval":{"confidence_level":0.95,"lower_bound":317.4020563307918,"upper_bound":715.1116112358477},"point_estimate":470.59427164425875,"standard_error":102.06734182236507},"slope":{"confidence_interval":{"confidence_level":0.95,"lower_bound":77776.294556842,"upper_bound":78145.68365032195},"point_estimate":77955.70196049455,"standard_error":94.31451320329126},"std_dev":{"confidence_interval":{"confidence_level":0.95,"lower_bound":626.6709731482458,"upper_bound":5140.711882184164},"point_estimate":3050.560889431867,"standard_error":1571.2357471171151}}