{"mean":{"confidence_interval":{"confidence_level":0.95,"lower_bound":9388604.604166668,"upper_bound":9414233.058333335},"point_estimate":9400898.33333333,"standard_error":6542.524239971395},"median":{"confidence_interval":{"confidence_level":0.95,"lower_bound":9392083.333333334,"upper_bound":9406000.0},"point_estimate":9399150.0,"standard_error":3736.085898974119},"median_abs_dev":{"confidence_interval":{"confidence_level":0.95,"lower_bound":28787.149488926396,"upper_bound":62936.3688826561},"point_estimate":42278.80924940155,"standard_error":8617.081493217613},"slope":null,"std_dev":{"confidence_interval":{"confidence_level":0.95,"lower_bound":47500.53759735491,"upper_bound":83134.62401676971},"point_estimate":66000.61913034774,"standard_error":9087.871902230665}}