{"mean":{"confidence_interval":{"confidence_level":0.95,"lower_bound":86039465.55,"upper_bound":89377266.175},"point_estimate":87659117.0,"standard_error":851785.2272159954},"median":{"confidence_interval":{"confidence_level":0.95,"lower_bound":82550700.0,"upper_bound":85878150.0},"point_estimate":83130300.0,"standard_error":1001347.0087465314},"median_abs_dev":{"confidence_interval":{"confidence_level":0.95,"lower_bound":3461722.678542137,"upper_bound":8739704.45483923},"point_estimate":5072271.029949188,"standard_error":1356675.9837035344},"slope":null,"std_dev":{"confidence_interval":{"confidence_level":0.95,"lower_bound":7162182.57133966,"upper_bound":9714534.787094472},"point_estimate":8552290.627001517,"standard_error":651579.5186943706}}