{"mean":{"confidence_interval":{"confidence_level":0.95,"lower_bound":3675119.151785716,"upper_bound":3709937.0392857143},"point_estimate":3691624.8571428587,"standard_error":8892.411018584422},"median":{"confidence_interval":{"confidence_level":0.95,"lower_bound":3651585.714285714,"upper_bound":3687728.5714285714},"point_estimate":3677385.7142857146,"standard_error":8938.644833003309},"median_abs_dev":{"confidence_interval":{"confidence_level":0.95,"lower_bound":48475.72413938396,"upper_bound":83470.37851810455},"point_estimate":63201.11887795575,"standard_error":8769.494804494065},"slope":null,"std_dev":{"confidence_interval":{"confidence_level":0.95,"lower_bound":63813.89810648221,"upper_bound":114437.89332313165},"point_estimate":89494.30339765093,"standard_error":13096.373738600547}}