{"mean":{"confidence_interval":{"confidence_level":0.95,"lower_bound":53515112.825,"upper_bound":55312134.775},"point_estimate":54425026.0,"standard_error":458115.76659320184},"median":{"confidence_interval":{"confidence_level":0.95,"lower_bound":53455400.0,"upper_bound":56353800.0},"point_estimate":55160700.0,"standard_error":701714.2725310508},"median_abs_dev":{"confidence_interval":{"confidence_level":0.95,"lower_bound":3523917.747437954,"upper_bound":5787106.60725832},"point_estimate":4561885.989010334,"standard_error":594543.6143913164},"slope":null,"std_dev":{"confidence_interval":{"confidence_level":0.95,"lower_bound":3959398.1416431493,"upper_bound":5182766.688735922},"point_estimate":4610069.673493958,"standard_error":312101.586886991}}