{"mean":{"confidence_interval":{"confidence_level":0.95,"lower_bound":-0.1664553159921127,"upper_bound":-0.05941367061292903},"point_estimate":-0.11481900586683402,"standard_error":0.027209775321178735},"median":{"confidence_interval":{"confidence_level":0.95,"lower_bound":-0.17692776231509466,"upper_bound":0.11608214434810238},"point_estimate":-0.041050089637304166,"standard_error":0.0749303508841043}}