{"mean":{"confidence_interval":{"confidence_level":0.95,"lower_bound":61788472.500000015,"upper_bound":62254868.520833336},"point_estimate":62015950.0,"standard_error":119321.7668946798},"median":{"confidence_interval":{"confidence_level":0.95,"lower_bound":61514050.0,"upper_bound":62321666.666666664},"point_estimate":61745083.33333333,"standard_error":248334.66199904794},"median_abs_dev":{"confidence_interval":{"confidence_level":0.95,"lower_bound":391529.94304895215,"upper_bound":1144147.1096873302},"point_estimate":808708.8656425495,"standard_error":198073.8808806026},"slope":null,"std_dev":{"confidence_interval":{"confidence_level":0.95,"lower_bound":595435.5160902408,"upper_bound":910448.9590621882},"point_estimate":762968.3472578526,"standard_error":81176.67106568326}}