{"mean":{"confidence_interval":{"confidence_level":0.95,"lower_bound":55631362.14583332,"upper_bound":56127925.83333335},"point_estimate":55865419.999999985,"standard_error":127101.98406594321},"median":{"confidence_interval":{"confidence_level":0.95,"lower_bound":55406583.33333333,"upper_bound":55728050.0},"point_estimate":55507633.33333333,"standard_error":86061.48645543354},"median_abs_dev":{"confidence_interval":{"confidence_level":0.95,"lower_bound":153597.3572731018,"upper_bound":578955.289721489},"point_estimate":304624.87459182926,"standard_error":100369.7888991134},"slope":null,"std_dev":{"confidence_interval":{"confidence_level":0.95,"lower_bound":549657.0103218394,"upper_bound":987054.2262799285},"point_estimate":814189.6055801489,"standard_error":112147.07211398186}}