{"mean":{"confidence_interval":{"confidence_level":0.95,"lower_bound":15512.074733138934,"upper_bound":15832.405171313825},"point_estimate":15656.194782720437,"standard_error":82.14614400484265},"median":{"confidence_interval":{"confidence_level":0.95,"lower_bound":15369.981112200792,"upper_bound":15440.350877192983},"point_estimate":15414.572661600525,"standard_error":20.969684500692928},"median_abs_dev":{"confidence_interval":{"confidence_level":0.95,"lower_bound":83.80035444023792,"upper_bound":193.97297229303115},"point_estimate":132.74766733326624,"standard_error":28.585152107115302},"slope":{"confidence_interval":{"confidence_level":0.95,"lower_bound":15502.451144072576,"upper_bound":15657.81462272276},"point_estimate":15575.913263282338,"standard_error":39.71978319467447},"std_dev":{"confidence_interval":{"confidence_level":0.95,"lower_bound":377.21600222995664,"upper_bound":1146.3327574309915},"point_estimate":825.3889781093055,"standard_error":190.70768750059344}}