{"mean":{"confidence_interval":{"confidence_level":0.95,"lower_bound":0.04209151796039179,"upper_bound":0.07563035621658527},"point_estimate":0.0579517533652405,"standard_error":0.00854866928039105},"median":{"confidence_interval":{"confidence_level":0.95,"lower_bound":0.02788266150410828,"upper_bound":0.10662754274245745},"point_estimate":0.06810848816805759,"standard_error":0.026188966562664215}}