{"mean":{"confidence_interval":{"confidence_level":0.95,"lower_bound":-0.2605115337901032,"upper_bound":-0.17009669054348642},"point_estimate":-0.21547646984722424,"standard_error":0.02293197860380974},"median":{"confidence_interval":{"confidence_level":0.95,"lower_bound":-0.27780609899215525,"upper_bound":-0.19594676946504908},"point_estimate":-0.2307764181724995,"standard_error":0.020129547769810886}}