{"mean":{"confidence_interval":{"confidence_level":0.95,"lower_bound":-0.07518876749499595,"upper_bound":-0.03310271933891736},"point_estimate":-0.05582124458755522,"standard_error":0.01078894427961231},"median":{"confidence_interval":{"confidence_level":0.95,"lower_bound":-0.12288251772206697,"upper_bound":-0.07477672530636037},"point_estimate":-0.10374941262159298,"standard_error":0.011555766425515502}}