{"mean":{"confidence_interval":{"confidence_level":0.95,"lower_bound":-0.26440729598575796,"upper_bound":-0.2313771913618842},"point_estimate":-0.2482919838898654,"standard_error":0.00847207350485919},"median":{"confidence_interval":{"confidence_level":0.95,"lower_bound":-0.26006034625883323,"upper_bound":-0.25523317453979133},"point_estimate":-0.2580363921174933,"standard_error":0.0012328674425675693}}