{"mean":{"confidence_interval":{"confidence_level":0.95,"lower_bound":54308405.75,"upper_bound":55125231.4},"point_estimate":54689439.0,"standard_error":208240.6089318446},"median":{"confidence_interval":{"confidence_level":0.95,"lower_bound":53935300.0,"upper_bound":54240900.0},"point_estimate":54032550.0,"standard_error":85177.46916996037},"median_abs_dev":{"confidence_interval":{"confidence_level":0.95,"lower_bound":577546.8197464943,"upper_bound":1049680.781364441},"point_estimate":762352.9064655304,"standard_error":120399.31534082192},"slope":null,"std_dev":{"confidence_interval":{"confidence_level":0.95,"lower_bound":1392321.5869157405,"upper_bound":2679545.048063794},"point_estimate":2088605.5148702601,"standard_error":327560.79025345086}}