{"mean":{"confidence_interval":{"confidence_level":0.95,"lower_bound":22387552.73958333,"upper_bound":22768872.86458334},"point_estimate":22565426.25,"standard_error":97899.22123110922},"median":{"confidence_interval":{"confidence_level":0.95,"lower_bound":22186266.666666668,"upper_bound":22569558.333333336},"point_estimate":22395608.333333332,"standard_error":98389.50561170469},"median_abs_dev":{"confidence_interval":{"confidence_level":0.95,"lower_bound":213061.97121739204,"upper_bound":638988.2336556902},"point_estimate":408394.5177495461,"standard_error":115274.9610489719},"slope":null,"std_dev":{"confidence_interval":{"confidence_level":0.95,"lower_bound":379527.9362444896,"upper_bound":829204.594327578},"point_estimate":626291.033900132,"standard_error":116947.17175839983}}