{"mean":{"confidence_interval":{"confidence_level":0.95,"lower_bound":0.16281788092672322,"upper_bound":0.19225666345530767},"point_estimate":0.17480216750568456,"standard_error":0.007785717474780826},"median":{"confidence_interval":{"confidence_level":0.95,"lower_bound":0.16300966818189022,"upper_bound":0.1664646555673206},"point_estimate":0.16509933448303027,"standard_error":0.0009917677451986092}}