{"mean":{"confidence_interval":{"confidence_level":0.95,"lower_bound":21429107.30833333,"upper_bound":21756433.00833333},"point_estimate":21568310.66666666,"standard_error":84424.02378087708},"median":{"confidence_interval":{"confidence_level":0.95,"lower_bound":21309383.333333336,"upper_bound":21409033.333333332},"point_estimate":21352916.666666664,"standard_error":22894.955843532483},"median_abs_dev":{"confidence_interval":{"confidence_level":0.95,"lower_bound":155549.44723844435,"upper_bound":265583.0752849588},"point_estimate":210751.58625840864,"standard_error":26384.481909681068},"slope":null,"std_dev":{"confidence_interval":{"confidence_level":0.95,"lower_bound":352898.1296883471,"upper_bound":1311835.461763633},"point_estimate":845134.9346288973,"standard_error":284209.4884880737}}