{"mean":{"confidence_interval":{"confidence_level":0.95,"lower_bound":-0.007889381858084469,"upper_bound":0.010717253628576784},"point_estimate":0.0012884495089326986,"standard_error":0.004760519829822435},"median":{"confidence_interval":{"confidence_level":0.95,"lower_bound":-0.0123617472837656,"upper_bound":0.004877432640318924},"point_estimate":-0.0031237026312876948,"standard_error":0.004357910729794894}}