{"mean":{"confidence_interval":{"confidence_level":0.95,"lower_bound":72831324.8125,"upper_bound":73456068.34375},"point_estimate":73102076.25,"standard_error":161797.7796634995},"median":{"confidence_interval":{"confidence_level":0.95,"lower_bound":72709025.0,"upper_bound":72890425.0},"point_estimate":72779275.0,"standard_error":49932.5769250528},"median_abs_dev":{"confidence_interval":{"confidence_level":0.95,"lower_bound":138178.31754684448,"upper_bound":403711.97283267975},"point_estimate":192700.9315788746,"standard_error":70413.30617915146},"slope":null,"std_dev":{"confidence_interval":{"confidence_level":0.95,"lower_bound":398695.22390030796,"upper_bound":1557435.5604255262},"point_estimate":1039373.8289992941,"standard_error":325098.0302102248}}