{"mean":{"confidence_interval":{"confidence_level":0.95,"lower_bound":6925.164982908414,"upper_bound":6986.835310393186},"point_estimate":6955.647387613592,"standard_error":15.685596602348568},"median":{"confidence_interval":{"confidence_level":0.95,"lower_bound":6939.782945736434,"upper_bound":6960.152136964723},"point_estimate":6948.7053290832355,"standard_error":5.385653046462164},"median_abs_dev":{"confidence_interval":{"confidence_level":0.95,"lower_bound":45.23951629140428,"upper_bound":77.3964368144331},"point_estimate":62.25785008892098,"standard_error":8.133324440236102},"slope":{"confidence_interval":{"confidence_level":0.95,"lower_bound":6969.535666427849,"upper_bound":7017.660363293841},"point_estimate":6991.186510459446,"standard_error":12.358554454891948},"std_dev":{"confidence_interval":{"confidence_level":0.95,"lower_bound":108.29152566044084,"upper_bound":203.2060546978643},"point_estimate":157.05078950870103,"standard_error":24.355328029733062}}