{"mean":{"confidence_interval":{"confidence_level":0.95,"lower_bound":12248122.719999999,"upper_bound":12537169.605},"point_estimate":12374568.4,"standard_error":74339.13435472564},"median":{"confidence_interval":{"confidence_level":0.95,"lower_bound":12126200.0,"upper_bound":12159130.0},"point_estimate":12145720.0,"standard_error":8291.5373494988},"median_abs_dev":{"confidence_interval":{"confidence_level":0.95,"lower_bound":49281.623125076294,"upper_bound":94797.44231700897},"point_estimate":73299.74269866943,"standard_error":12286.694917940516},"slope":null,"std_dev":{"confidence_interval":{"confidence_level":0.95,"lower_bound":314669.6023152307,"upper_bound":1097619.079234668},"point_estimate":743861.2729965729,"standard_error":205497.53999406117}}