{"mean":{"confidence_interval":{"confidence_level":0.95,"lower_bound":-0.039176189549617435,"upper_bound":0.008210953386418616},"point_estimate":-0.015491206506880628,"standard_error":0.012080804444250621},"median":{"confidence_interval":{"confidence_level":0.95,"lower_bound":-0.027299077653970556,"upper_bound":0.026091357957813477},"point_estimate":-0.0051005792097592595,"standard_error":0.013838150648137799}}