{"mean":{"confidence_interval":{"confidence_level":0.95,"lower_bound":25180702.575,"upper_bound":27035854.15},"point_estimate":26072689.5,"standard_error":475543.05843894184},"median":{"confidence_interval":{"confidence_level":0.95,"lower_bound":24444100.0,"upper_bound":25579650.0},"point_estimate":25029750.0,"standard_error":258525.58146777243},"median_abs_dev":{"confidence_interval":{"confidence_level":0.95,"lower_bound":1874895.9267139435,"upper_bound":3705017.3342227936},"point_estimate":2411634.1821849346,"standard_error":481756.8764629126},"slope":null,"std_dev":{"confidence_interval":{"confidence_level":0.95,"lower_bound":3623507.8883420615,"upper_bound":5732274.554206405},"point_estimate":4780339.175058686,"standard_error":538403.8582751881}}