{"mean":{"confidence_interval":{"confidence_level":0.95,"lower_bound":-0.1595224952732123,"upper_bound":-0.056843839014106716},"point_estimate":-0.11530781145270896,"standard_error":0.025927274522520687},"median":{"confidence_interval":{"confidence_level":0.95,"lower_bound":-0.15140929914437806,"upper_bound":-0.11305510288220269},"point_estimate":-0.1330441659422389,"standard_error":0.009620276906589524}}