{"mean":{"confidence_interval":{"confidence_level":0.95,"lower_bound":126246034.025,"upper_bound":127680169.8},"point_estimate":126940716.0,"standard_error":365356.1454681227},"median":{"confidence_interval":{"confidence_level":0.95,"lower_bound":125831000.0,"upper_bound":126470600.0},"point_estimate":126015750.0,"standard_error":151988.6269529678},"median_abs_dev":{"confidence_interval":{"confidence_level":0.95,"lower_bound":841078.9650678635,"upper_bound":1751263.768158849},"point_estimate":1122105.79007864,"standard_error":235474.69236956755},"slope":null,"std_dev":{"confidence_interval":{"confidence_level":0.95,"lower_bound":2598308.8055739403,"upper_bound":4701723.360200199},"point_estimate":3662000.8192442358,"standard_error":545184.0131545754}}