{"mean":{"confidence_interval":{"confidence_level":0.95,"lower_bound":20849808.025,"upper_bound":21575406.24166667},"point_estimate":21198112.0,"standard_error":185801.0062572458},"median":{"confidence_interval":{"confidence_level":0.95,"lower_bound":20295516.666666664,"upper_bound":21093433.333333332},"point_estimate":20550033.333333336,"standard_error":166383.76344140107},"median_abs_dev":{"confidence_interval":{"confidence_level":0.95,"lower_bound":967322.3528265953,"upper_bound":1743957.639038561},"point_estimate":1299276.4869332314,"standard_error":186655.91499504962},"slope":null,"std_dev":{"confidence_interval":{"confidence_level":0.95,"lower_bound":1439958.4574296998,"upper_bound":2254065.2674095905},"point_estimate":1869351.1186666237,"standard_error":208519.6590624756}}