{"mean":{"confidence_interval":{"confidence_level":0.95,"lower_bound":4053080.825000001,"upper_bound":4082373.1576923076},"point_estimate":4067103.153846153,"standard_error":7509.280372505647},"median":{"confidence_interval":{"confidence_level":0.95,"lower_bound":4049300.0,"upper_bound":4069792.307692308},"point_estimate":4058476.923076923,"standard_error":5835.429505120621},"median_abs_dev":{"confidence_interval":{"confidence_level":0.95,"lower_bound":36215.355510894966,"upper_bound":59030.28818277196},"point_estimate":47163.78608575239,"standard_error":5935.347768820823},"slope":null,"std_dev":{"confidence_interval":{"confidence_level":0.95,"lower_bound":55830.99073676941,"upper_bound":92842.95206556612},"point_estimate":75732.59410378468,"standard_error":9491.84262390288}}