{"mean":{"confidence_interval":{"confidence_level":0.95,"lower_bound":-0.05594346735112974,"upper_bound":-0.023256215347519024},"point_estimate":-0.03854246063896538,"standard_error":0.008347832107473422},"median":{"confidence_interval":{"confidence_level":0.95,"lower_bound":-0.030806762100089924,"upper_bound":-0.022912903371642753},"point_estimate":-0.02483281688858241,"standard_error":0.002032946678261356}}