{"mean":{"confidence_interval":{"confidence_level":0.95,"lower_bound":24847401.624999996,"upper_bound":25468714.36666667},"point_estimate":25157169.999999996,"standard_error":158784.7670896252},"median":{"confidence_interval":{"confidence_level":0.95,"lower_bound":24892300.0,"upper_bound":25495816.666666668},"point_estimate":25183316.666666664,"standard_error":181660.65171207677},"median_abs_dev":{"confidence_interval":{"confidence_level":0.95,"lower_bound":1329446.7786476016,"upper_bound":2222788.0105376244},"point_estimate":1837484.9873781195,"standard_error":237605.50303939835},"slope":null,"std_dev":{"confidence_interval":{"confidence_level":0.95,"lower_bound":1407314.0769491326,"upper_bound":1764362.5949667087},"point_estimate":1599029.2773774385,"standard_error":90766.10478212307}}