{"mean":{"confidence_interval":{"confidence_level":0.95,"lower_bound":61473872.375,"upper_bound":61643482.52083335},"point_estimate":61550836.66666667,"standard_error":43494.444576060974},"median":{"confidence_interval":{"confidence_level":0.95,"lower_bound":61469916.66666667,"upper_bound":61548316.666666664},"point_estimate":61504550.0,"standard_error":26073.18422950896},"median_abs_dev":{"confidence_interval":{"confidence_level":0.95,"lower_bound":74599.48867559065,"upper_bound":214038.01620007298},"point_estimate":168373.9370107669,"standard_error":38048.27284011652},"slope":null,"std_dev":{"confidence_interval":{"confidence_level":0.95,"lower_bound":136314.1501560398,"upper_bound":388784.34840697877},"point_estimate":278358.60469745996,"standard_error":65618.11861895713}}