{"mean":{"confidence_interval":{"confidence_level":0.95,"lower_bound":14235322.925,"upper_bound":14602695.13125},"point_estimate":14410284.25,"standard_error":94125.24919055986},"median":{"confidence_interval":{"confidence_level":0.95,"lower_bound":13951225.0,"upper_bound":14305850.0},"point_estimate":14083925.0,"standard_error":87593.98042127285},"median_abs_dev":{"confidence_interval":{"confidence_level":0.95,"lower_bound":412607.5726747513,"upper_bound":780741.7792640616},"point_estimate":589815.3345286846,"standard_error":97858.83313838724},"slope":null,"std_dev":{"confidence_interval":{"confidence_level":0.95,"lower_bound":687778.8289698693,"upper_bound":1174086.5792667712},"point_estimate":948361.9851389843,"standard_error":124671.05145362807}}