{"mean":{"confidence_interval":{"confidence_level":0.95,"lower_bound":9468774.808333335,"upper_bound":9547307.854166666},"point_estimate":9505463.833333332,"standard_error":20015.83841406611},"median":{"confidence_interval":{"confidence_level":0.95,"lower_bound":9427200.0,"upper_bound":9486283.333333332},"point_estimate":9455633.333333334,"standard_error":16367.800396146407},"median_abs_dev":{"confidence_interval":{"confidence_level":0.95,"lower_bound":97060.87827682403,"upper_bound":162221.14712000077},"point_estimate":132495.0176477437,"standard_error":17563.979355304582},"slope":null,"std_dev":{"confidence_interval":{"confidence_level":0.95,"lower_bound":130421.27125113508,"upper_bound":267606.1033788594},"point_estimate":201466.18816131473,"standard_error":35444.21581918551}}