{"mean":{"confidence_interval":{"confidence_level":0.95,"lower_bound":5579862.647222221,"upper_bound":5693787.255555551},"point_estimate":5631394.666666664,"standard_error":29299.698390450103},"median":{"confidence_interval":{"confidence_level":0.95,"lower_bound":5542833.333333333,"upper_bound":5551283.333333334},"point_estimate":5546411.111111111,"standard_error":2077.5646337471744},"median_abs_dev":{"confidence_interval":{"confidence_level":0.95,"lower_bound":15410.803059737655,"upper_bound":28754.408739507864},"point_estimate":20789.346297581684,"standard_error":3396.1412818127674},"slope":null,"std_dev":{"confidence_interval":{"confidence_level":0.95,"lower_bound":157692.1980688638,"upper_bound":399975.0286577517},"point_estimate":294127.3170362811,"standard_error":61764.92609222687}}