{"mean":{"confidence_interval":{"confidence_level":0.95,"lower_bound":240.6568689896165,"upper_bound":242.61253143151262},"point_estimate":241.55560554886674,"standard_error":0.5011385129961744},"median":{"confidence_interval":{"confidence_level":0.95,"lower_bound":239.7812098672945,"upper_bound":240.56396484375},"point_estimate":240.25525606147386,"standard_error":0.21935018556676075},"median_abs_dev":{"confidence_interval":{"confidence_level":0.95,"lower_bound":1.0476427285763357,"upper_bound":1.8733975468459771},"point_estimate":1.4961926325141568,"standard_error":0.2187724092084373},"slope":{"confidence_interval":{"confidence_level":0.95,"lower_bound":240.65152636812152,"upper_bound":243.47042796903688},"point_estimate":241.91761987459824,"standard_error":0.7237795508663523},"std_dev":{"confidence_interval":{"confidence_level":0.95,"lower_bound":2.9472668883385653,"upper_bound":6.657268629856775},"point_estimate":5.0161018561682145,"standard_error":0.9468436907217304}}