{"mean":{"confidence_interval":{"confidence_level":0.95,"lower_bound":2351194.605555556,"upper_bound":2431102.0874999994},"point_estimate":2389246.888888888,"standard_error":20397.906982914905},"median":{"confidence_interval":{"confidence_level":0.95,"lower_bound":2273819.4444444445,"upper_bound":2302925.0},"point_estimate":2281022.222222222,"standard_error":7839.086977788232},"median_abs_dev":{"confidence_interval":{"confidence_level":0.95,"lower_bound":25039.466222127434,"upper_bound":69686.52301281715},"point_estimate":40269.062618414064,"standard_error":12191.460300460363},"slope":null,"std_dev":{"confidence_interval":{"confidence_level":0.95,"lower_bound":158769.82770110195,"upper_bound":248943.05424450265},"point_estimate":205331.67846230444,"standard_error":23021.35366660278}}