{"mean":{"confidence_interval":{"confidence_level":0.95,"lower_bound":2500096.025,"upper_bound":2554062.6825},"point_estimate":2526017.65,"standard_error":13834.782509028291},"median":{"confidence_interval":{"confidence_level":0.95,"lower_bound":2456095.0,"upper_bound":2477787.5},"point_estimate":2466472.5,"standard_error":5865.162180872178},"median_abs_dev":{"confidence_interval":{"confidence_level":0.95,"lower_bound":27231.65501654148,"upper_bound":60023.05993437767},"point_estimate":40304.48028445244,"standard_error":8483.417928593748},"slope":null,"std_dev":{"confidence_interval":{"confidence_level":0.95,"lower_bound":111079.73271814396,"upper_bound":162898.8288921872},"point_estimate":138996.77138437526,"standard_error":13176.46532144087}}