{"mean":{"confidence_interval":{"confidence_level":0.95,"lower_bound":166834.48677589546,"upper_bound":168138.21498070355},"point_estimate":167410.00371009143,"standard_error":335.63465794409007},"median":{"confidence_interval":{"confidence_level":0.95,"lower_bound":166369.65291863872,"upper_bound":167227.6747020585},"point_estimate":166739.65948354246,"standard_error":243.75425009676601},"median_abs_dev":{"confidence_interval":{"confidence_level":0.95,"lower_bound":1057.792854008444,"upper_bound":1541.4243918261523},"point_estimate":1319.4079959822361,"standard_error":124.24924877632654},"slope":{"confidence_interval":{"confidence_level":0.95,"lower_bound":166816.7516508041,"upper_bound":167814.09573216224},"point_estimate":167252.6432688045,"standard_error":257.2413011128308},"std_dev":{"confidence_interval":{"confidence_level":0.95,"lower_bound":1367.315449299657,"upper_bound":4929.690611641324},"point_estimate":3377.5806669611584,"standard_error":922.7862303125102}}