{"mean":{"confidence_interval":{"confidence_level":0.95,"lower_bound":2124141.663541667,"upper_bound":2138256.8104166673},"point_estimate":2130384.0833333326,"standard_error":3640.3547579236565},"median":{"confidence_interval":{"confidence_level":0.95,"lower_bound":2120375.0,"upper_bound":2123541.6666666665},"point_estimate":2121756.25,"standard_error":788.646419325278},"median_abs_dev":{"confidence_interval":{"confidence_level":0.95,"lower_bound":5843.914896250231,"upper_bound":9921.064823866005},"point_estimate":8410.666100680943,"standard_error":1063.8835766136983},"slope":null,"std_dev":{"confidence_interval":{"confidence_level":0.95,"lower_bound":14585.179828560054,"upper_bound":52265.288372568924},"point_estimate":36593.091171308035,"standard_error":9428.015583044686}}