{"mean":{"confidence_interval":{"confidence_level":0.95,"lower_bound":24803896.858333334,"upper_bound":25624128.233333334},"point_estimate":25203931.66666666,"standard_error":208734.36239956724},"median":{"confidence_interval":{"confidence_level":0.95,"lower_bound":24307533.333333332,"upper_bound":25535466.666666668},"point_estimate":24987333.333333336,"standard_error":264340.8927168577},"median_abs_dev":{"confidence_interval":{"confidence_level":0.95,"lower_bound":1501601.9633412324,"upper_bound":2549627.1747350693},"point_estimate":1918558.495938778,"standard_error":263056.16081050964},"slope":null,"std_dev":{"confidence_interval":{"confidence_level":0.95,"lower_bound":1726492.5875019561,"upper_bound":2523831.7168358853},"point_estimate":2105487.6224502595,"standard_error":207173.87804422088}}