{"mean":{"confidence_interval":{"confidence_level":0.95,"lower_bound":-0.17009919250355757,"upper_bound":-0.08678376922779861},"point_estimate":-0.12950174449538987,"standard_error":0.021248300690422963},"median":{"confidence_interval":{"confidence_level":0.95,"lower_bound":-0.11668245490149842,"upper_bound":-0.02200935162059614},"point_estimate":-0.06927913436274014,"standard_error":0.023748088997700773}}