{"mean":{"confidence_interval":{"confidence_level":0.95,"lower_bound":0.04073783266023099,"upper_bound":0.12510076529698336},"point_estimate":0.08216546734280672,"standard_error":0.021434401419987266},"median":{"confidence_interval":{"confidence_level":0.95,"lower_bound":0.028749467734635825,"upper_bound":0.06790084546459774},"point_estimate":0.04007802798610238,"standard_error":0.009472648526821779}}