{"mean":{"confidence_interval":{"confidence_level":0.95,"lower_bound":1372.186626885972,"upper_bound":1379.620878912604},"point_estimate":1375.0669057681487,"standard_error":1.9880066317194638},"median":{"confidence_interval":{"confidence_level":0.95,"lower_bound":1370.7927558269107,"upper_bound":1372.359359141656},"point_estimate":1371.7981527391316,"standard_error":0.37853604812859887},"median_abs_dev":{"confidence_interval":{"confidence_level":0.95,"lower_bound":1.766051899669829,"upper_bound":3.0346011337075436},"point_estimate":2.4300865222340042,"standard_error":0.32371784801178605},"slope":{"confidence_interval":{"confidence_level":0.95,"lower_bound":1371.883352193561,"upper_bound":1375.9204580883716},"point_estimate":1373.669452019829,"standard_error":1.0412244149661467},"std_dev":{"confidence_interval":{"confidence_level":0.95,"lower_bound":4.217123603068426,"upper_bound":33.18371890402718},"point_estimate":20.046681763016423,"standard_error":9.115759625584323}}