{"mean":{"confidence_interval":{"confidence_level":0.95,"lower_bound":-0.049868088536014064,"upper_bound":-0.020947451314789974},"point_estimate":-0.03434994346106501,"standard_error":0.0074218445402862475},"median":{"confidence_interval":{"confidence_level":0.95,"lower_bound":-0.02487815815499258,"upper_bound":-0.013038382827508355},"point_estimate":-0.017773492249170908,"standard_error":0.0029238025120832062}}