{"mean":{"confidence_interval":{"confidence_level":0.95,"lower_bound":2572889.901666667,"upper_bound":2659007.108333333},"point_estimate":2612666.4,"standard_error":22005.293548724632},"median":{"confidence_interval":{"confidence_level":0.95,"lower_bound":2519930.0,"upper_bound":2554253.3333333335},"point_estimate":2530376.666666667,"standard_error":8575.293686303037},"median_abs_dev":{"confidence_interval":{"confidence_level":0.95,"lower_bound":34544.57938671112,"upper_bound":74910.95822006473},"point_estimate":51975.01307725883,"standard_error":10123.904664721784},"slope":null,"std_dev":{"confidence_interval":{"confidence_level":0.95,"lower_bound":137161.16760534127,"upper_bound":291794.4060195791},"point_estimate":221930.75417944594,"standard_error":39441.36326050261}}