{"mean":{"confidence_interval":{"confidence_level":0.95,"lower_bound":2020344.1479999998,"upper_bound":2057865.0890000002},"point_estimate":2037195.56,"standard_error":9669.028111904543},"median":{"confidence_interval":{"confidence_level":0.95,"lower_bound":2006612.0,"upper_bound":2011808.0},"point_estimate":2009312.0,"standard_error":1429.3435811386619},"median_abs_dev":{"confidence_interval":{"confidence_level":0.95,"lower_bound":8427.0982503891,"upper_bound":16296.738910675049},"point_estimate":11967.54698753357,"standard_error":2070.3467144639767},"slope":null,"std_dev":{"confidence_interval":{"confidence_level":0.95,"lower_bound":47967.15427079786,"upper_bound":134993.26577031912},"point_estimate":97258.63594802833,"standard_error":22193.381563346913}}