{"mean":{"confidence_interval":{"confidence_level":0.95,"lower_bound":-0.05736789042693873,"upper_bound":-0.010785750721385224},"point_estimate":-0.03384963623062909,"standard_error":0.011858534994237682},"median":{"confidence_interval":{"confidence_level":0.95,"lower_bound":-0.03411271283606443,"upper_bound":-0.0017635230008569648},"point_estimate":-0.016463841376158195,"standard_error":0.007614483894379863}}