{"mean":{"confidence_interval":{"confidence_level":0.95,"lower_bound":-0.08576490407433054,"upper_bound":-0.03286103464884085},"point_estimate":-0.06038737896252144,"standard_error":0.013482935137034786},"median":{"confidence_interval":{"confidence_level":0.95,"lower_bound":-0.0971924624675371,"upper_bound":-0.019210108941870252},"point_estimate":-0.06035050210302639,"standard_error":0.019162866765336902}}