{"mean":{"confidence_interval":{"confidence_level":0.95,"lower_bound":104.73667015430144,"upper_bound":104.92611434580448},"point_estimate":104.82566577548494,"standard_error":0.048502845058464354},"median":{"confidence_interval":{"confidence_level":0.95,"lower_bound":104.67107542697437,"upper_bound":104.77834235846257},"point_estimate":104.73047253174889,"standard_error":0.024692246215926108},"median_abs_dev":{"confidence_interval":{"confidence_level":0.95,"lower_bound":0.14250735125197997,"upper_bound":0.2936898721921057},"point_estimate":0.22779491871816354,"standard_error":0.03898796927377348},"slope":{"confidence_interval":{"confidence_level":0.95,"lower_bound":104.71022204758069,"upper_bound":104.84591345362962},"point_estimate":104.77346468124964,"standard_error":0.03461025246692144},"std_dev":{"confidence_interval":{"confidence_level":0.95,"lower_bound":0.32542311532449836,"upper_bound":0.6472122563754942},"point_estimate":0.4889226800775083,"standard_error":0.08343988321816666}}