{"mean":{"confidence_interval":{"confidence_level":0.95,"lower_bound":4245.091647694938,"upper_bound":4278.6897116551645},"point_estimate":4260.2398895722745,"standard_error":8.628779283794557},"median":{"confidence_interval":{"confidence_level":0.95,"lower_bound":4234.245595868428,"upper_bound":4253.030162053191},"point_estimate":4245.152477320307,"standard_error":4.651574255910822},"median_abs_dev":{"confidence_interval":{"confidence_level":0.95,"lower_bound":16.597786936615623,"upper_bound":39.31939686268463},"point_estimate":29.131881999943808,"standard_error":5.900790287633883},"slope":{"confidence_interval":{"confidence_level":0.95,"lower_bound":4245.046588531034,"upper_bound":4299.393591394062},"point_estimate":4266.737748931339,"standard_error":14.642984844307385},"std_dev":{"confidence_interval":{"confidence_level":0.95,"lower_bound":27.644079815960872,"upper_bound":77.64323644497905},"point_estimate":55.334526935542875,"standard_error":13.016285462933736}}