{"mean":{"confidence_interval":{"confidence_level":0.95,"lower_bound":1661070.3451819157,"upper_bound":1712709.849258948},"point_estimate":1686444.0420950353,"standard_error":13156.227089194294},"median":{"confidence_interval":{"confidence_level":0.95,"lower_bound":1597384.065934066,"upper_bound":1687225.2631578948},"point_estimate":1634677.0454545454,"standard_error":21142.897557228436},"median_abs_dev":{"confidence_interval":{"confidence_level":0.95,"lower_bound":58366.25446379185,"upper_bound":158356.75773011998},"point_estimate":102004.78759814387,"standard_error":25511.57365373147},"slope":{"confidence_interval":{"confidence_level":0.95,"lower_bound":1690817.7442252985,"upper_bound":1751518.1573192668},"point_estimate":1720397.8924190926,"standard_error":15441.215862791296},"std_dev":{"confidence_interval":{"confidence_level":0.95,"lower_bound":115130.19977193188,"upper_bound":147382.56088535217},"point_estimate":132539.06200376325,"standard_error":8232.248018022128}}