{"mean":{"confidence_interval":{"confidence_level":0.95,"lower_bound":21357743.825000003,"upper_bound":21411374.358333338},"point_estimate":21384114.0,"standard_error":13662.517249165177},"median":{"confidence_interval":{"confidence_level":0.95,"lower_bound":21332733.333333332,"upper_bound":21397100.0},"point_estimate":21370383.333333336,"standard_error":16896.570944681243},"median_abs_dev":{"confidence_interval":{"confidence_level":0.95,"lower_bound":92241.81061238237,"upper_bound":157155.59720992786},"point_estimate":127553.01773548494,"standard_error":17207.873707197727},"slope":null,"std_dev":{"confidence_interval":{"confidence_level":0.95,"lower_bound":114310.94806455588,"upper_bound":157269.18533759084},"point_estimate":137209.86843176303,"standard_error":10951.023376027144}}