{"mean":{"confidence_interval":{"confidence_level":0.95,"lower_bound":24389069.574999984,"upper_bound":24564969.008333337},"point_estimate":24483500.999999996,"standard_error":45042.48896644202},"median":{"confidence_interval":{"confidence_level":0.95,"lower_bound":24496633.333333332,"upper_bound":24606816.666666664},"point_estimate":24548883.333333336,"standard_error":26891.264571007163},"median_abs_dev":{"confidence_interval":{"confidence_level":0.95,"lower_bound":154560.42950599862,"upper_bound":246062.17563152497},"point_estimate":202794.96639967058,"standard_error":23124.87975694317},"slope":null,"std_dev":{"confidence_interval":{"confidence_level":0.95,"lower_bound":272656.90746174817,"upper_bound":600904.0240895149},"point_estimate":453639.13318049395,"standard_error":84436.94756352279}}