{"mean":{"confidence_interval":{"confidence_level":0.95,"lower_bound":57082261.54166667,"upper_bound":57261233.375},"point_estimate":57168748.33333335,"standard_error":45601.17717065881},"median":{"confidence_interval":{"confidence_level":0.95,"lower_bound":57022150.0,"upper_bound":57199633.33333333},"point_estimate":57110616.666666664,"standard_error":56223.344104881246},"median_abs_dev":{"confidence_interval":{"confidence_level":0.95,"lower_bound":107463.78809214006,"upper_bound":345248.1138706172},"point_estimate":194788.9265417979,"standard_error":59235.30813847844},"slope":null,"std_dev":{"confidence_interval":{"confidence_level":0.95,"lower_bound":207572.9862820461,"upper_bound":366950.91410148144},"point_estimate":291628.0525306026,"standard_error":41435.56680811644}}