{"mean":{"confidence_interval":{"confidence_level":0.95,"lower_bound":2178300.561458334,"upper_bound":2234906.176041667},"point_estimate":2206292.083333333,"standard_error":14455.173920026089},"median":{"confidence_interval":{"confidence_level":0.95,"lower_bound":2089866.6666666667,"upper_bound":2251820.8333333335},"point_estimate":2171072.9166666665,"standard_error":54195.09031997897},"median_abs_dev":{"confidence_interval":{"confidence_level":0.95,"lower_bound":49932.731613516924,"upper_bound":221237.8923222422},"point_estimate":157177.21845954645,"standard_error":57592.396424527506},"slope":null,"std_dev":{"confidence_interval":{"confidence_level":0.95,"lower_bound":129001.13098043874,"upper_bound":159808.96463679703},"point_estimate":145305.79906831039,"standard_error":7858.07589738995}}