{"mean":{"confidence_interval":{"confidence_level":0.95,"lower_bound":1992467.498076924,"upper_bound":1998249.3480769221},"point_estimate":1995232.8461538458,"standard_error":1475.0989515971228},"median":{"confidence_interval":{"confidence_level":0.95,"lower_bound":1989688.4615384615,"upper_bound":1993288.4615384615},"point_estimate":1991519.2307692308,"standard_error":857.52963134078},"median_abs_dev":{"confidence_interval":{"confidence_level":0.95,"lower_bound":6038.743738944648,"upper_bound":11895.013634975247},"point_estimate":8145.746393845605,"standard_error":1511.6912181907246},"slope":null,"std_dev":{"confidence_interval":{"confidence_level":0.95,"lower_bound":11574.02280596004,"upper_bound":17575.482065760676},"point_estimate":14810.74855613379,"standard_error":1532.8770027227447}}