{"mean":{"confidence_interval":{"confidence_level":0.95,"lower_bound":-0.33881159137546374,"upper_bound":-0.27744284439702915},"point_estimate":-0.30970157615336524,"standard_error":0.015529087172340828},"median":{"confidence_interval":{"confidence_level":0.95,"lower_bound":-0.37351918631207914,"upper_bound":-0.36484349567411856},"point_estimate":-0.3683981176416846,"standard_error":0.002302019003195816}}