{"mean":{"confidence_interval":{"confidence_level":0.95,"lower_bound":2399732.9571428564,"upper_bound":2482277.515476189},"point_estimate":2440743.666666666,"standard_error":21032.637011718216},"median":{"confidence_interval":{"confidence_level":0.95,"lower_bound":2370430.9523809524,"upper_bound":2525338.095238095},"point_estimate":2435966.666666667,"standard_error":36632.293315133116},"median_abs_dev":{"confidence_interval":{"confidence_level":0.95,"lower_bound":208693.50804494973,"upper_bound":327862.86417927063},"point_estimate":296721.20473214495,"standard_error":31283.576305840063},"slope":null,"std_dev":{"confidence_interval":{"confidence_level":0.95,"lower_bound":190526.10236655505,"upper_bound":230932.02810391088},"point_estimate":211507.8441515518,"standard_error":10308.063499714232}}