{"mean":{"confidence_interval":{"confidence_level":0.95,"lower_bound":75929464.8125,"upper_bound":76807101.5625},"point_estimate":76314952.5,"standard_error":226819.76394038164},"median":{"confidence_interval":{"confidence_level":0.95,"lower_bound":75739450.0,"upper_bound":76026825.0},"point_estimate":75838025.0,"standard_error":78464.67331886166},"median_abs_dev":{"confidence_interval":{"confidence_level":0.95,"lower_bound":234658.51083397865,"upper_bound":678104.1629612446},"point_estimate":424320.11246681213,"standard_error":110228.49053293881},"slope":null,"std_dev":{"confidence_interval":{"confidence_level":0.95,"lower_bound":623874.6244377994,"upper_bound":2131484.689670506},"point_estimate":1453272.0232135237,"standard_error":411452.54048634105}}