{"mean":{"confidence_interval":{"confidence_level":0.95,"lower_bound":2706792.0000000005,"upper_bound":2780451.865277777},"point_estimate":2744355.3888888876,"standard_error":18890.7105458622},"median":{"confidence_interval":{"confidence_level":0.95,"lower_bound":2768122.222222222,"upper_bound":2839472.222222222},"point_estimate":2802038.888888889,"standard_error":16290.560501110709},"median_abs_dev":{"confidence_interval":{"confidence_level":0.95,"lower_bound":88041.7284369464,"upper_bound":192338.518251976},"point_estimate":133322.8026330471,"standard_error":26416.49881957964},"slope":null,"std_dev":{"confidence_interval":{"confidence_level":0.95,"lower_bound":165661.59257302922,"upper_bound":210231.44359623367},"point_estimate":190115.3004660332,"standard_error":11324.901609898709}}