{"mean":{"confidence_interval":{"confidence_level":0.95,"lower_bound":0.24920699998185494,"upper_bound":0.3390544995440738},"point_estimate":0.29539951278518295,"standard_error":0.022941914555382192},"median":{"confidence_interval":{"confidence_level":0.95,"lower_bound":0.30546909246966725,"upper_bound":0.39505934972494616},"point_estimate":0.3476727645300006,"standard_error":0.022790870975612738}}