{"mean":{"confidence_interval":{"confidence_level":0.95,"lower_bound":-0.03614036669633318,"upper_bound":0.007422015422582977},"point_estimate":-0.013243684429249725,"standard_error":0.011180333222113181},"median":{"confidence_interval":{"confidence_level":0.95,"lower_bound":-0.06697109098089538,"upper_bound":-0.01341911280604624},"point_estimate":-0.04595713489572095,"standard_error":0.0143241114868148}}