{"mean":{"confidence_interval":{"confidence_level":0.95,"lower_bound":42063573.25,"upper_bound":42368785.354166664},"point_estimate":42190161.66666667,"standard_error":79296.59416498384},"median":{"confidence_interval":{"confidence_level":0.95,"lower_bound":41992833.333333336,"upper_bound":42159216.66666667},"point_estimate":42093300.0,"standard_error":41915.12492416751},"median_abs_dev":{"confidence_interval":{"confidence_level":0.95,"lower_bound":142156.62747621906,"upper_bound":356985.363662241},"point_estimate":225849.39599036987,"standard_error":51616.0722152139},"slope":null,"std_dev":{"confidence_interval":{"confidence_level":0.95,"lower_bound":196724.97523097965,"upper_bound":795456.296891351},"point_estimate":505696.10304542317,"standard_error":191542.83073229442}}