{"mean":{"confidence_interval":{"confidence_level":0.95,"lower_bound":73257423.6875,"upper_bound":73913491.5625},"point_estimate":73572828.75,"standard_error":167467.34467756457},"median":{"confidence_interval":{"confidence_level":0.95,"lower_bound":73003525.0,"upper_bound":73751950.0},"point_estimate":73271475.0,"standard_error":209334.4953762425},"median_abs_dev":{"confidence_interval":{"confidence_level":0.95,"lower_bound":559533.2300662994,"upper_bound":1280669.857263565},"point_estimate":883147.7393209934,"standard_error":188513.84166145246},"slope":null,"std_dev":{"confidence_interval":{"confidence_level":0.95,"lower_bound":780579.010467924,"upper_bound":1293580.4231337525},"point_estimate":1073942.056456773,"standard_error":131335.00198966617}}