{"mean":{"confidence_interval":{"confidence_level":0.95,"lower_bound":20190734.333333325,"upper_bound":20786987.84375},"point_estimate":20477630.000000004,"standard_error":152169.39048670745},"median":{"confidence_interval":{"confidence_level":0.95,"lower_bound":20019233.333333336,"upper_bound":20611091.666666668},"point_estimate":20468166.666666664,"standard_error":179209.58494247202},"median_abs_dev":{"confidence_interval":{"confidence_level":0.95,"lower_bound":512954.8808932286,"upper_bound":1073425.8554428772},"point_estimate":741905.3818285475,"standard_error":146585.92774039833},"slope":null,"std_dev":{"confidence_interval":{"confidence_level":0.95,"lower_bound":680307.2602457289,"upper_bound":1195954.1280676934},"point_estimate":974818.9831247639,"standard_error":131725.19093364588}}