{"mean":{"confidence_interval":{"confidence_level":0.95,"lower_bound":13730851.118055556,"upper_bound":14398969.152777778},"point_estimate":14058235.833333332,"standard_error":170849.16892976259},"median":{"confidence_interval":{"confidence_level":0.95,"lower_bound":13424572.222222222,"upper_bound":14384572.222222222},"point_estimate":13912311.111111112,"standard_error":264943.79565713083},"median_abs_dev":{"confidence_interval":{"confidence_level":0.95,"lower_bound":746736.1867427817,"upper_bound":1606759.4848076496},"point_estimate":1308954.5700947447,"standard_error":230348.93239685227},"slope":null,"std_dev":{"confidence_interval":{"confidence_level":0.95,"lower_bound":873890.4836480768,"upper_bound":1263628.8921912082},"point_estimate":1093837.077720297,"standard_error":99512.56539293221}}