{"mean":{"confidence_interval":{"confidence_level":0.95,"lower_bound":29195532.5,"upper_bound":29433038.7125},"point_estimate":29307799.0,"standard_error":61004.22787424777},"median":{"confidence_interval":{"confidence_level":0.95,"lower_bound":29061650.0,"upper_bound":29213500.0},"point_estimate":29156700.0,"standard_error":36397.154212416106},"median_abs_dev":{"confidence_interval":{"confidence_level":0.95,"lower_bound":236771.21579647064,"upper_bound":391702.9130458832},"point_estimate":315645.53439617157,"standard_error":39447.76750680222},"slope":null,"std_dev":{"confidence_interval":{"confidence_level":0.95,"lower_bound":426218.448383726,"upper_bound":767046.6284128756},"point_estimate":613419.0327553137,"standard_error":87276.51815640107}}