{"mean":{"confidence_interval":{"confidence_level":0.95,"lower_bound":16873947.833333336,"upper_bound":17706800.79166666},"point_estimate":17281464.333333343,"standard_error":212563.52655242648},"median":{"confidence_interval":{"confidence_level":0.95,"lower_bound":16308800.0,"upper_bound":17396216.666666664},"point_estimate":16677116.666666666,"standard_error":295547.71347052633},"median_abs_dev":{"confidence_interval":{"confidence_level":0.95,"lower_bound":1601158.5515737524,"upper_bound":2709970.36188841},"point_estimate":2200944.370925427,"standard_error":283926.4277011766},"slope":null,"std_dev":{"confidence_interval":{"confidence_level":0.95,"lower_bound":1771675.3351209403,"upper_bound":2485491.2066752347},"point_estimate":2136213.743111192,"standard_error":183202.67456231383}}