{"mean":{"confidence_interval":{"confidence_level":0.95,"lower_bound":37916315.775,"upper_bound":41071514.85},"point_estimate":39463381.5,"standard_error":806095.8844329977},"median":{"confidence_interval":{"confidence_level":0.95,"lower_bound":34456250.0,"upper_bound":39198600.0},"point_estimate":36195775.0,"standard_error":1150369.97196022},"median_abs_dev":{"confidence_interval":{"confidence_level":0.95,"lower_bound":4362884.007543325,"upper_bound":9458654.24707532},"point_estimate":6524440.639168024,"standard_error":1375325.3052151755},"slope":null,"std_dev":{"confidence_interval":{"confidence_level":0.95,"lower_bound":7084601.627583549,"upper_bound":8893927.342303663},"point_estimate":8090575.970168832,"standard_error":462728.0249029541}}