{"mean":{"confidence_interval":{"confidence_level":0.95,"lower_bound":281639630.325,"upper_bound":291927120.0},"point_estimate":286677421.0,"standard_error":2633520.652334654},"median":{"confidence_interval":{"confidence_level":0.95,"lower_bound":273258100.0,"upper_bound":288493800.0},"point_estimate":279784250.0,"standard_error":4016176.11666161},"median_abs_dev":{"confidence_interval":{"confidence_level":0.95,"lower_bound":20235858.78074169,"upper_bound":33209509.22991335},"point_estimate":27223204.196691513,"standard_error":3260985.4800383523},"slope":null,"std_dev":{"confidence_interval":{"confidence_level":0.95,"lower_bound":22549242.1820875,"upper_bound":29764732.94187825},"point_estimate":26415312.36216918,"standard_error":1845228.9420258321}}