{"mean":{"confidence_interval":{"confidence_level":0.95,"lower_bound":-0.18747527950380932,"upper_bound":-0.15461765666151459},"point_estimate":-0.17162128530501997,"standard_error":0.008369483660994213},"median":{"confidence_interval":{"confidence_level":0.95,"lower_bound":-0.2057535654031173,"upper_bound":-0.17083384383213218},"point_estimate":-0.187697606106074,"standard_error":0.0098071363408352}}