{"mean":{"confidence_interval":{"confidence_level":0.95,"lower_bound":21062983.0,"upper_bound":21438743.158333346},"point_estimate":21231061.666666664,"standard_error":96683.81048732904},"median":{"confidence_interval":{"confidence_level":0.95,"lower_bound":20923866.666666668,"upper_bound":21002033.333333336},"point_estimate":20967500.0,"standard_error":19064.157923590814},"median_abs_dev":{"confidence_interval":{"confidence_level":0.95,"lower_bound":116927.71792411989,"upper_bound":211542.30624437425},"point_estimate":157081.4672112465,"standard_error":23686.79348477891},"slope":null,"std_dev":{"confidence_interval":{"confidence_level":0.95,"lower_bound":455686.2194709221,"upper_bound":1363050.1064420682},"point_estimate":969719.1595642144,"standard_error":228322.1935951167}}