{"mean":{"confidence_interval":{"confidence_level":0.95,"lower_bound":0.12173539466882853,"upper_bound":0.22247229445477665},"point_estimate":0.1679777661121553,"standard_error":0.02512501568294837},"median":{"confidence_interval":{"confidence_level":0.95,"lower_bound":0.08558167321899962,"upper_bound":0.16321216382309256},"point_estimate":0.11297030387542994,"standard_error":0.0179964767101011}}