{"mean":{"confidence_interval":{"confidence_level":0.95,"lower_bound":24964857.5,"upper_bound":25038306.5125},"point_estimate":25000063.0,"standard_error":18747.570532105892},"median":{"confidence_interval":{"confidence_level":0.95,"lower_bound":24956650.0,"upper_bound":25021100.0},"point_estimate":24987800.0,"standard_error":17045.14054075897},"median_abs_dev":{"confidence_interval":{"confidence_level":0.95,"lower_bound":96294.86829042435,"upper_bound":158638.197183609},"point_estimate":127911.31272912025,"standard_error":15441.563936460074},"slope":null,"std_dev":{"confidence_interval":{"confidence_level":0.95,"lower_bound":135278.2115819431,"upper_bound":237359.25802239435},"point_estimate":187579.8901343859,"standard_error":26314.59203676666}}