{"mean":{"confidence_interval":{"confidence_level":0.95,"lower_bound":38534687.45,"upper_bound":42060587.8375},"point_estimate":40274169.0,"standard_error":901029.6415622977},"median":{"confidence_interval":{"confidence_level":0.95,"lower_bound":34609350.0,"upper_bound":40036650.0},"point_estimate":36699575.0,"standard_error":1177918.6815640174},"median_abs_dev":{"confidence_interval":{"confidence_level":0.95,"lower_bound":4527415.539622307,"upper_bound":11313346.969272908},"point_estimate":7098021.503984928,"standard_error":1497126.7885702658},"slope":null,"std_dev":{"confidence_interval":{"confidence_level":0.95,"lower_bound":7909595.233184301,"upper_bound":10038567.212981958},"point_estimate":9082762.476673365,"standard_error":543498.2062527725}}