{"mean":{"confidence_interval":{"confidence_level":0.95,"lower_bound":53242723.64583331,"upper_bound":53511893.374999985},"point_estimate":53373320.83333333,"standard_error":68649.41266953728},"median":{"confidence_interval":{"confidence_level":0.95,"lower_bound":53148866.66666667,"upper_bound":53459383.33333333},"point_estimate":53264350.0,"standard_error":83933.48719444696},"median_abs_dev":{"confidence_interval":{"confidence_level":0.95,"lower_bound":229333.50592852008,"upper_bound":565443.2442113676},"point_estimate":400129.02289628796,"standard_error":86412.20136528964},"slope":null,"std_dev":{"confidence_interval":{"confidence_level":0.95,"lower_bound":329397.27683896245,"upper_bound":529781.4550510509},"point_estimate":439342.18372260657,"standard_error":51376.788452035544}}