{"mean":{"confidence_interval":{"confidence_level":0.95,"lower_bound":0.11824905271448825,"upper_bound":0.12977127292868487},"point_estimate":0.12414387645327873,"standard_error":0.0029350852615855666},"median":{"confidence_interval":{"confidence_level":0.95,"lower_bound":0.12810360186295022,"upper_bound":0.13453513895794722},"point_estimate":0.13258554923564958,"standard_error":0.001792513650486884}}