Experiment #	SNP0	Chr0	GenDist0	ChrPos0	SNP1	Chr1	GenDist1	ChrPos1	PValue	NullLogLike	AltLogLike	H2	Beta	Variance_Beta
501000013	snp2376_m0_.38m1_.49	1	20	20	snp1754_m0_.19m1_.42	1	38	38	0.000451	-700.878718	-694.724583	0.000399	0.151714	7.37E-07
501000014	snp625_m0_.03m1_.07	1	NaN	NaN	snp3000_m0_.28m1_.34	1	5	5	0.001306	-700.387891	-695.220652	0.000399	-0.117448	5.27E-07
501000015	snp250_m0_.23m1_.19	1	15	15	snp2377_m0_.06m1_.02	1	30	30	0.002279	-698.768488	-694.113511	0.000399	-0.145412	8.98E-07
501000016	snp625_m0_.03m1_.07	1	NaN	NaN	snp376_m0_.17m1_.17	1	9	9	0.002287	-700.20686	-695.555229	0.000399	-0.13294	7.51E+00
