{"mean":{"confidence_interval":{"confidence_level":0.95,"lower_bound":-0.05681410066105034,"upper_bound":-0.030533754851355583},"point_estimate":-0.04424148775894787,"standard_error":0.006689145750379834},"median":{"confidence_interval":{"confidence_level":0.95,"lower_bound":-0.041076627531470566,"upper_bound":-0.02586364240001182},"point_estimate":-0.03052372518563007,"standard_error":0.0039408732565192365}}