{"mean":{"confidence_interval":{"confidence_level":0.95,"lower_bound":-0.02969783785354389,"upper_bound":0.003972848754051219},"point_estimate":-0.012471418492167152,"standard_error":0.008615937977834323},"median":{"confidence_interval":{"confidence_level":0.95,"lower_bound":-0.0049024164839311934,"upper_bound":0.010304200815703046},"point_estimate":0.004990305807702766,"standard_error":0.003681496149339227}}