{"mean":{"confidence_interval":{"confidence_level":0.95,"lower_bound":12242118.09375,"upper_bound":12451578.38125},"point_estimate":12341166.75,"standard_error":53674.20458443168},"median":{"confidence_interval":{"confidence_level":0.95,"lower_bound":12081550.0,"upper_bound":12166100.0},"point_estimate":12106750.0,"standard_error":23335.125547392447},"median_abs_dev":{"confidence_interval":{"confidence_level":0.95,"lower_bound":101502.50069797039,"upper_bound":222705.04854619503},"point_estimate":152541.0047918558,"standard_error":31471.782691299264},"slope":null,"std_dev":{"confidence_interval":{"confidence_level":0.95,"lower_bound":391601.60715182143,"upper_bound":659146.0965087207},"point_estimate":539693.9190768905,"standard_error":68352.3802174079}}