{"mean":{"confidence_interval":{"confidence_level":0.95,"lower_bound":110866434.96875,"upper_bound":111261488.9375},"point_estimate":111045717.5,"standard_error":101022.01550436868},"median":{"confidence_interval":{"confidence_level":0.95,"lower_bound":110737300.0,"upper_bound":111090750.0},"point_estimate":110851650.0,"standard_error":86975.28579324346},"median_abs_dev":{"confidence_interval":{"confidence_level":0.95,"lower_bound":213086.68121695518,"upper_bound":555937.9251301289},"point_estimate":372503.24338674545,"standard_error":89971.1559236121},"slope":null,"std_dev":{"confidence_interval":{"confidence_level":0.95,"lower_bound":337198.46920018125,"upper_bound":917657.2176027125},"point_estimate":647789.6347115656,"standard_error":155594.69252783214}}