{"mean":{"confidence_interval":{"confidence_level":0.95,"lower_bound":17605066.5,"upper_bound":18300598.708333332},"point_estimate":17945390.333333325,"standard_error":177802.7787770685},"median":{"confidence_interval":{"confidence_level":0.95,"lower_bound":16805700.0,"upper_bound":17928800.0},"point_estimate":17001116.666666668,"standard_error":268838.94910538575},"median_abs_dev":{"confidence_interval":{"confidence_level":0.95,"lower_bound":729513.3170485483,"upper_bound":2156839.492708442},"point_estimate":1115730.6101918248,"standard_error":347700.51225504867},"slope":null,"std_dev":{"confidence_interval":{"confidence_level":0.95,"lower_bound":1539801.6502448155,"upper_bound":2011966.3882054759},"point_estimate":1786967.6537600292,"standard_error":120649.3134004006}}