{"mean":{"confidence_interval":{"confidence_level":0.95,"lower_bound":-0.09532830329755607,"upper_bound":-0.07494896758021685},"point_estimate":-0.0853374010477641,"standard_error":0.005227022907168765},"median":{"confidence_interval":{"confidence_level":0.95,"lower_bound":-0.09380142519239343,"upper_bound":-0.08623917006521453},"point_estimate":-0.0912613634551096,"standard_error":0.0019817288187516462}}