{"mean":{"confidence_interval":{"confidence_level":0.95,"lower_bound":46923979.9,"upper_bound":47465978.925},"point_estimate":47191918.0,"standard_error":138603.9387431029},"median":{"confidence_interval":{"confidence_level":0.95,"lower_bound":46739600.0,"upper_bound":47281275.0},"point_estimate":46919550.0,"standard_error":155967.97516318609},"median_abs_dev":{"confidence_interval":{"confidence_level":0.95,"lower_bound":884296.7543005943,"upper_bound":1615477.9963195324},"point_estimate":1232967.2031104565,"standard_error":183101.4393517174},"slope":null,"std_dev":{"confidence_interval":{"confidence_level":0.95,"lower_bound":1190838.639019526,"upper_bound":1575629.6864302882},"point_estimate":1395071.924551823,"standard_error":98389.21953472619}}