{"mean":{"confidence_interval":{"confidence_level":0.95,"lower_bound":1974705.2926470586,"upper_bound":2086189.0794117642},"point_estimate":2026248.8823529407,"standard_error":28537.649862395694},"median":{"confidence_interval":{"confidence_level":0.95,"lower_bound":1889082.3529411764,"upper_bound":2054888.2352941176},"point_estimate":1978226.4705882352,"standard_error":47723.2261817749},"median_abs_dev":{"confidence_interval":{"confidence_level":0.95,"lower_bound":168920.46405988588,"upper_bound":279426.48915683536},"point_estimate":222965.59368862817,"standard_error":26175.420224882975},"slope":null,"std_dev":{"confidence_interval":{"confidence_level":0.95,"lower_bound":185946.823572147,"upper_bound":401507.7821513886},"point_estimate":287077.21844120545,"standard_error":62447.212941931706}}