{"mean":{"confidence_interval":{"confidence_level":0.95,"lower_bound":125840737.55,"upper_bound":128616056.52499999},"point_estimate":126998612.0,"standard_error":721210.3760975777},"median":{"confidence_interval":{"confidence_level":0.95,"lower_bound":124768450.0,"upper_bound":125355300.0},"point_estimate":125024200.0,"standard_error":168827.8135470929},"median_abs_dev":{"confidence_interval":{"confidence_level":0.95,"lower_bound":820767.3454284668,"upper_bound":1558881.595574319},"point_estimate":1141379.5897364616,"standard_error":198085.67657187636},"slope":null,"std_dev":{"confidence_interval":{"confidence_level":0.95,"lower_bound":2622921.917606086,"upper_bound":11428868.67505307},"point_estimate":7223271.082590063,"standard_error":2603528.6323867445}}