{"mean":{"confidence_interval":{"confidence_level":0.95,"lower_bound":20214292.008333337,"upper_bound":20423083.31666667},"point_estimate":20311179.666666675,"standard_error":53615.666708800556},"median":{"confidence_interval":{"confidence_level":0.95,"lower_bound":20154400.0,"upper_bound":20235700.0},"point_estimate":20197150.0,"standard_error":23469.06989926202},"median_abs_dev":{"confidence_interval":{"confidence_level":0.95,"lower_bound":158885.29717922394,"upper_bound":273687.95514106477},"point_estimate":212851.9362211218,"standard_error":28675.9866247616},"slope":null,"std_dev":{"confidence_interval":{"confidence_level":0.95,"lower_bound":346826.28458211565,"upper_bound":694156.5047409387},"point_estimate":538622.1372670237,"standard_error":88690.22186119485}}