{"mean":{"confidence_interval":{"confidence_level":0.95,"lower_bound":-0.1573618112864108,"upper_bound":-0.08337697409962003},"point_estimate":-0.12096292175493617,"standard_error":0.018904346071124248},"median":{"confidence_interval":{"confidence_level":0.95,"lower_bound":-0.09894209077405491,"upper_bound":-0.05219129902965203},"point_estimate":-0.0767676373784354,"standard_error":0.012067734481621979}}