{"mean":{"confidence_interval":{"confidence_level":0.95,"lower_bound":18571689.999999996,"upper_bound":18629052.142857138},"point_estimate":18598762.85714286,"standard_error":14626.609143907066},"median":{"confidence_interval":{"confidence_level":0.95,"lower_bound":18561942.85714286,"upper_bound":18602600.0},"point_estimate":18583292.85714286,"standard_error":9414.107635904347},"median_abs_dev":{"confidence_interval":{"confidence_level":0.95,"lower_bound":33496.169405325694,"upper_bound":116892.41792474632},"point_estimate":70942.40874052048,"standard_error":20635.354305022734},"slope":null,"std_dev":{"confidence_interval":{"confidence_level":0.95,"lower_bound":62514.162620839656,"upper_bound":119094.30627815676},"point_estimate":93603.98621575233,"standard_error":14524.081056208204}}