{"mean":{"confidence_interval":{"confidence_level":0.95,"lower_bound":42601041.7125,"upper_bound":43239440.5125},"point_estimate":42906665.0,"standard_error":163081.08226980062},"median":{"confidence_interval":{"confidence_level":0.95,"lower_bound":42263900.0,"upper_bound":42825650.0},"point_estimate":42463100.0,"standard_error":180327.03354801176},"median_abs_dev":{"confidence_interval":{"confidence_level":0.95,"lower_bound":702678.2575249672,"upper_bound":1291344.577074051},"point_estimate":948159.7481667995,"standard_error":158800.82751418385},"slope":null,"std_dev":{"confidence_interval":{"confidence_level":0.95,"lower_bound":1218674.2808697992,"upper_bound":2011943.3803069247},"point_estimate":1632864.829475601,"standard_error":202298.14959277408}}