{"mean":{"confidence_interval":{"confidence_level":0.95,"lower_bound":0.06681817380312613,"upper_bound":0.07159633031894572},"point_estimate":0.06950821051443179,"standard_error":0.0012261484418870264},"median":{"confidence_interval":{"confidence_level":0.95,"lower_bound":0.07025230922521253,"upper_bound":0.07234627196116339},"point_estimate":0.07126711942226671,"standard_error":0.0005328903173426031}}