{"mean":{"confidence_interval":{"confidence_level":0.95,"lower_bound":8764.245177760547,"upper_bound":9120.626222081042},"point_estimate":8934.65190661695,"standard_error":90.94467157205854},"median":{"confidence_interval":{"confidence_level":0.95,"lower_bound":8437.886363636364,"upper_bound":8523.751803751804},"point_estimate":8486.032931758738,"standard_error":22.643261090596805},"median_abs_dev":{"confidence_interval":{"confidence_level":0.95,"lower_bound":101.11786107411689,"upper_bound":236.3262716548745},"point_estimate":168.440864683211,"standard_error":36.246549567930884},"slope":{"confidence_interval":{"confidence_level":0.95,"lower_bound":8929.691584909247,"upper_bound":9420.768474869436},"point_estimate":9165.790399935517,"standard_error":125.24264346200107},"std_dev":{"confidence_interval":{"confidence_level":0.95,"lower_bound":714.0567191634213,"upper_bound":1078.424976169938},"point_estimate":915.3183998201142,"standard_error":92.80511896595762}}