{"mean":{"confidence_interval":{"confidence_level":0.95,"lower_bound":82513538.95,"upper_bound":83156916.55},"point_estimate":82759375.0,"standard_error":173008.18033024762},"median":{"confidence_interval":{"confidence_level":0.95,"lower_bound":82391000.0,"upper_bound":82571350.0},"point_estimate":82495250.0,"standard_error":41174.471522919615},"median_abs_dev":{"confidence_interval":{"confidence_level":0.95,"lower_bound":245815.07563591003,"upper_bound":398671.13292217255},"point_estimate":306008.63456726074,"standard_error":38226.643588286686},"slope":null,"std_dev":{"confidence_interval":{"confidence_level":0.95,"lower_bound":436353.9335822244,"upper_bound":2883266.5641445112},"point_estimate":1737323.044945873,"standard_error":813884.1734266261}}