{"mean":{"confidence_interval":{"confidence_level":0.95,"lower_bound":33059035.9,"upper_bound":34429805.775},"point_estimate":33729983.0,"standard_error":348839.1855277703},"median":{"confidence_interval":{"confidence_level":0.95,"lower_bound":31907900.0,"upper_bound":33894625.0},"point_estimate":32588450.0,"standard_error":501210.59903377714},"median_abs_dev":{"confidence_interval":{"confidence_level":0.95,"lower_bound":2452109.16146636,"upper_bound":4410809.051692486},"point_estimate":3304789.4713282585,"standard_error":474797.75925369875},"slope":null,"std_dev":{"confidence_interval":{"confidence_level":0.95,"lower_bound":2988382.4323087703,"upper_bound":3931630.5732555934},"point_estimate":3497443.6929223933,"standard_error":240880.61383843573}}