{"mean":{"confidence_interval":{"confidence_level":0.95,"lower_bound":-0.11527261238090764,"upper_bound":-0.04065732873693607},"point_estimate":-0.07900081098406564,"standard_error":0.019268526510541138},"median":{"confidence_interval":{"confidence_level":0.95,"lower_bound":-0.07817284799594826,"upper_bound":-0.05050811761150842},"point_estimate":-0.057763653282253746,"standard_error":0.006968491187875384}}