{"mean":{"confidence_interval":{"confidence_level":0.95,"lower_bound":1907063.3192307684,"upper_bound":2014186.434615385},"point_estimate":1959854.9999999988,"standard_error":27314.211971326607},"median":{"confidence_interval":{"confidence_level":0.95,"lower_bound":1820569.2307692308,"upper_bound":1967984.6153846155},"point_estimate":1877234.6153846155,"standard_error":35783.97215472789},"median_abs_dev":{"confidence_interval":{"confidence_level":0.95,"lower_bound":172420.10440046963,"upper_bound":376857.5254632877},"point_estimate":242747.23415191376,"standard_error":53955.40499889673},"slope":null,"std_dev":{"confidence_interval":{"confidence_level":0.95,"lower_bound":245156.39352647413,"upper_bound":300339.218650473},"point_estimate":275110.2220509827,"standard_error":14039.828517533793}}