{"mean":{"confidence_interval":{"confidence_level":0.95,"lower_bound":-0.2508666203718502,"upper_bound":-0.2351382349724569},"point_estimate":-0.24307605641338026,"standard_error":0.004020228411851221},"median":{"confidence_interval":{"confidence_level":0.95,"lower_bound":-0.2562571932560176,"upper_bound":-0.24840119435736774},"point_estimate":-0.25388724582454514,"standard_error":0.0019977681644379585}}