{"mean":{"confidence_interval":{"confidence_level":0.95,"lower_bound":9304661.870833335,"upper_bound":9962958.000000002},"point_estimate":9628496.333333338,"standard_error":168467.1598560607},"median":{"confidence_interval":{"confidence_level":0.95,"lower_bound":8824333.333333334,"upper_bound":10036583.333333334},"point_estimate":9502525.0,"standard_error":324399.7379469874},"median_abs_dev":{"confidence_interval":{"confidence_level":0.95,"lower_bound":1510275.1731872563,"upper_bound":2357557.892519975},"point_estimate":2132015.8271491528,"standard_error":220650.16112755262},"slope":null,"std_dev":{"confidence_interval":{"confidence_level":0.95,"lower_bound":1433322.0567692597,"upper_bound":1931260.9940426464},"point_estimate":1685875.5402369895,"standard_error":127814.34920652688}}