{"mean":{"confidence_interval":{"confidence_level":0.95,"lower_bound":20783549.150000002,"upper_bound":21306309.041666668},"point_estimate":21016233.000000007,"standard_error":134696.82489461382},"median":{"confidence_interval":{"confidence_level":0.95,"lower_bound":20583966.666666668,"upper_bound":20725016.666666664},"point_estimate":20669933.333333336,"standard_error":39065.48537613336},"median_abs_dev":{"confidence_interval":{"confidence_level":0.95,"lower_bound":182804.57675457,"upper_bound":317918.8543558102},"point_estimate":251918.44552755816,"standard_error":34955.49508721765},"slope":null,"std_dev":{"confidence_interval":{"confidence_level":0.95,"lower_bound":609205.3248153147,"upper_bound":1928680.9286584891},"point_estimate":1356109.810438838,"standard_error":337437.1197691756}}