{"mean":{"confidence_interval":{"confidence_level":0.95,"lower_bound":1059.1389817747176,"upper_bound":1070.5996979279637},"point_estimate":1063.3487469175543,"standard_error":3.274479468500172},"median":{"confidence_interval":{"confidence_level":0.95,"lower_bound":1058.1319444444443,"upper_bound":1060.4216447630427},"point_estimate":1059.0566828326068,"standard_error":0.6532119251145934},"median_abs_dev":{"confidence_interval":{"confidence_level":0.95,"lower_bound":3.996221006033873,"upper_bound":6.88620578242058},"point_estimate":5.072887463148641,"standard_error":0.7855851401205007},"slope":{"confidence_interval":{"confidence_level":0.95,"lower_bound":1059.3042526916859,"upper_bound":1063.1658893786955},"point_estimate":1061.2201410439552,"standard_error":0.9861404962189274},"std_dev":{"confidence_interval":{"confidence_level":0.95,"lower_bound":5.6163205783669605,"upper_bound":55.74076230852604},"point_estimate":32.92357313143245,"standard_error":17.47396999715658}}