{"mean":{"confidence_interval":{"confidence_level":0.95,"lower_bound":76407880.9,"upper_bound":79302441.0},"point_estimate":77825699.0,"standard_error":739437.1003784833},"median":{"confidence_interval":{"confidence_level":0.95,"lower_bound":72761100.0,"upper_bound":78243150.0},"point_estimate":75756850.0,"standard_error":1562850.983140673},"median_abs_dev":{"confidence_interval":{"confidence_level":0.95,"lower_bound":3627254.9656033516,"upper_bound":9719703.037440777},"point_estimate":6905135.247409344,"standard_error":1692879.623379756},"slope":null,"std_dev":{"confidence_interval":{"confidence_level":0.95,"lower_bound":6442193.9894114295,"upper_bound":8265276.883755196},"point_estimate":7442242.0367816165,"standard_error":467231.5573160722}}