{"mean":{"confidence_interval":{"confidence_level":0.95,"lower_bound":47751569.3625,"upper_bound":48638514.425},"point_estimate":48188280.0,"standard_error":226537.839037415},"median":{"confidence_interval":{"confidence_level":0.95,"lower_bound":47001300.0,"upper_bound":48359275.0},"point_estimate":47603375.0,"standard_error":318550.76131342823},"median_abs_dev":{"confidence_interval":{"confidence_level":0.95,"lower_bound":1428633.3346366882,"upper_bound":2669791.902601719},"point_estimate":2143431.846946478,"standard_error":312751.56672071555},"slope":null,"std_dev":{"confidence_interval":{"confidence_level":0.95,"lower_bound":1962810.0145515446,"upper_bound":2558778.9535672893},"point_estimate":2283639.9218300064,"standard_error":152217.42052079234}}