{"mean":{"confidence_interval":{"confidence_level":0.95,"lower_bound":-0.0967696480818274,"upper_bound":-0.04359003689792679},"point_estimate":-0.07147449743653189,"standard_error":0.013534180798013778},"median":{"confidence_interval":{"confidence_level":0.95,"lower_bound":-0.14825152837295097,"upper_bound":-0.06698187804858047},"point_estimate":-0.12491465926583623,"standard_error":0.02224050278864466}}