{"mean":{"confidence_interval":{"confidence_level":0.95,"lower_bound":21498499.499999996,"upper_bound":22251130.691666663},"point_estimate":21863762.66666667,"standard_error":192103.50094870466},"median":{"confidence_interval":{"confidence_level":0.95,"lower_bound":20882433.333333332,"upper_bound":21638050.0},"point_estimate":21300250.0,"standard_error":190885.14600315684},"median_abs_dev":{"confidence_interval":{"confidence_level":0.95,"lower_bound":974933.0326914797,"upper_bound":1774699.9672427785},"point_estimate":1382054.9854636174,"standard_error":199308.70220979475},"slope":null,"std_dev":{"confidence_interval":{"confidence_level":0.95,"lower_bound":1575026.193341394,"upper_bound":2224146.0482836664},"point_estimate":1930110.6094987567,"standard_error":165348.04382345497}}