{"mean":{"confidence_interval":{"confidence_level":0.95,"lower_bound":76974833.6,"upper_bound":78026291.7},"point_estimate":77465118.0,"standard_error":269224.03314342076},"median":{"confidence_interval":{"confidence_level":0.95,"lower_bound":76295700.0,"upper_bound":76813200.0},"point_estimate":76448050.0,"standard_error":158594.34188779225},"median_abs_dev":{"confidence_interval":{"confidence_level":0.95,"lower_bound":734850.6769537926,"upper_bound":1453541.0141944885},"point_estimate":1004609.7421646118,"standard_error":192143.5309385619},"slope":null,"std_dev":{"confidence_interval":{"confidence_level":0.95,"lower_bound":1772423.8289587286,"upper_bound":3498100.9628292043},"point_estimate":2703966.634498438,"standard_error":440153.00036759285}}