{"mean":{"confidence_interval":{"confidence_level":0.95,"lower_bound":20953536.937499996,"upper_bound":21214466.833333336},"point_estimate":21067799.583333336,"standard_error":67188.10205127009},"median":{"confidence_interval":{"confidence_level":0.95,"lower_bound":20917633.333333336,"upper_bound":21047925.0},"point_estimate":20951283.333333336,"standard_error":33470.27582533589},"median_abs_dev":{"confidence_interval":{"confidence_level":0.95,"lower_bound":108872.25806713472,"upper_bound":287179.61490154266},"point_estimate":171153.81196141703,"standard_error":43714.11387102401},"slope":null,"std_dev":{"confidence_interval":{"confidence_level":0.95,"lower_bound":169900.2203549145,"upper_bound":642594.7293569332},"point_estimate":429570.8333792408,"standard_error":127950.25038188856}}