{"mean":{"confidence_interval":{"confidence_level":0.95,"lower_bound":0.1840735813040257,"upper_bound":0.25236910268152757},"point_estimate":0.21888501617484368,"standard_error":0.01740617227450427},"median":{"confidence_interval":{"confidence_level":0.95,"lower_bound":0.2585679316387608,"upper_bound":0.33866724395513526},"point_estimate":0.3062131252042213,"standard_error":0.02210098324112019}}