{"mean":{"confidence_interval":{"confidence_level":0.95,"lower_bound":39778528.8125,"upper_bound":40077710.5875},"point_estimate":39923435.5,"standard_error":76382.22483370059},"median":{"confidence_interval":{"confidence_level":0.95,"lower_bound":39638150.0,"upper_bound":39812850.0},"point_estimate":39723775.0,"standard_error":48860.66585455316},"median_abs_dev":{"confidence_interval":{"confidence_level":0.95,"lower_bound":386476.74813866615,"upper_bound":718764.4672393799},"point_estimate":535292.7204966545,"standard_error":89428.82698249687},"slope":null,"std_dev":{"confidence_interval":{"confidence_level":0.95,"lower_bound":621531.9554133962,"upper_bound":891421.3811739886},"point_estimate":766990.5899128744,"standard_error":69231.99042755686}}