{"mean":{"confidence_interval":{"confidence_level":0.95,"lower_bound":253005334.8125,"upper_bound":255055186.125},"point_estimate":253788627.5,"standard_error":554172.1030347843},"median":{"confidence_interval":{"confidence_level":0.95,"lower_bound":252666350.0,"upper_bound":253461450.0},"point_estimate":253033000.0,"standard_error":204584.96442967592},"median_abs_dev":{"confidence_interval":{"confidence_level":0.95,"lower_bound":546041.5703058243,"upper_bound":1217955.8783769608},"point_estimate":838410.285115242,"standard_error":173910.50051987098},"slope":null,"std_dev":{"confidence_interval":{"confidence_level":0.95,"lower_bound":744385.6754329705,"upper_bound":5816188.495870728},"point_estimate":3544212.1342128045,"standard_error":1663664.0957560204}}