{"mean":{"confidence_interval":{"confidence_level":0.95,"lower_bound":26780483.05,"upper_bound":27309006.5875},"point_estimate":27043869.0,"standard_error":135118.34741764038},"median":{"confidence_interval":{"confidence_level":0.95,"lower_bound":26716450.0,"upper_bound":27410110.0},"point_estimate":26881050.0,"standard_error":176443.03064495913},"median_abs_dev":{"confidence_interval":{"confidence_level":0.95,"lower_bound":525699.5573669673,"upper_bound":1326482.1964502335},"point_estimate":1033698.3536481857,"standard_error":201235.58472402868},"slope":null,"std_dev":{"confidence_interval":{"confidence_level":0.95,"lower_bound":702815.0486555299,"upper_bound":999296.6942696392},"point_estimate":866769.9896234266,"standard_error":75613.19555652088}}