{"mean":{"confidence_interval":{"confidence_level":0.95,"lower_bound":91070861.9375,"upper_bound":92234143.71875},"point_estimate":91583233.75,"standard_error":299678.96091272356},"median":{"confidence_interval":{"confidence_level":0.95,"lower_bound":90772675.0,"upper_bound":91230625.0},"point_estimate":90925600.0,"standard_error":139855.56240193202},"median_abs_dev":{"confidence_interval":{"confidence_level":0.95,"lower_bound":395668.8679754734,"upper_bound":1035892.60160923},"point_estimate":694079.1776776314,"standard_error":158027.84898525252},"slope":null,"std_dev":{"confidence_interval":{"confidence_level":0.95,"lower_bound":751617.2909469,"upper_bound":2722743.931359846},"point_estimate":1918672.5854219317,"standard_error":506512.1718881028}}