{"mean":{"confidence_interval":{"confidence_level":0.95,"lower_bound":23876091.175000004,"upper_bound":24488395.066666666},"point_estimate":24175970.66666667,"standard_error":155732.82760520108},"median":{"confidence_interval":{"confidence_level":0.95,"lower_bound":23315100.0,"upper_bound":24060283.333333336},"point_estimate":23568400.0,"standard_error":202126.31864766424},"median_abs_dev":{"confidence_interval":{"confidence_level":0.95,"lower_bound":951359.6931099929,"upper_bound":1968126.7550587691},"point_estimate":1335624.8962879172,"standard_error":265912.2989710253},"slope":null,"std_dev":{"confidence_interval":{"confidence_level":0.95,"lower_bound":1390038.9081910031,"upper_bound":1689815.891343499},"point_estimate":1558862.8291397623,"standard_error":76363.66299671802}}