{"mean":{"confidence_interval":{"confidence_level":0.95,"lower_bound":609783.2736654851,"upper_bound":623950.9131219912},"point_estimate":615751.5605154834,"standard_error":3674.6770799214064},"median":{"confidence_interval":{"confidence_level":0.95,"lower_bound":606911.4035087719,"upper_bound":613171.7391304348},"point_estimate":610367.2979797979,"standard_error":1488.1491300222356},"median_abs_dev":{"confidence_interval":{"confidence_level":0.95,"lower_bound":10664.043062859326,"upper_bound":18780.31659114755},"point_estimate":13732.563779129434,"standard_error":2051.047335286879},"slope":{"confidence_interval":{"confidence_level":0.95,"lower_bound":607518.0469667792,"upper_bound":614937.2008441034},"point_estimate":611119.5426333678,"standard_error":1893.5414590096132},"std_dev":{"confidence_interval":{"confidence_level":0.95,"lower_bound":15422.343318581425,"upper_bound":58249.52927378639},"point_estimate":36979.46161741775,"standard_error":13384.656337685656}}