{"mean":{"confidence_interval":{"confidence_level":0.95,"lower_bound":31187625.2875,"upper_bound":31296345.0},"point_estimate":31240875.0,"standard_error":27738.241621475918},"median":{"confidence_interval":{"confidence_level":0.95,"lower_bound":31132300.0,"upper_bound":31310175.0},"point_estimate":31256375.0,"standard_error":47563.156587810925},"median_abs_dev":{"confidence_interval":{"confidence_level":0.95,"lower_bound":234510.2508366108,"upper_bound":339737.78396844864},"point_estimate":301783.22464227676,"standard_error":27104.62068085815},"slope":null,"std_dev":{"confidence_interval":{"confidence_level":0.95,"lower_bound":228324.10872985428,"upper_bound":328897.4156741011},"point_estimate":279022.4159652968,"standard_error":25852.88164880128}}