{"mean":{"confidence_interval":{"confidence_level":0.95,"lower_bound":22265593.616666663,"upper_bound":22719013.033333346},"point_estimate":22490011.999999996,"standard_error":115470.1238711487},"median":{"confidence_interval":{"confidence_level":0.95,"lower_bound":22107766.666666668,"upper_bound":22808216.666666664},"point_estimate":22430516.666666668,"standard_error":178648.44297222007},"median_abs_dev":{"confidence_interval":{"confidence_level":0.95,"lower_bound":897961.3840580005,"upper_bound":1491372.0235228557},"point_estimate":1278890.7372951508,"standard_error":149979.76520790756},"slope":null,"std_dev":{"confidence_interval":{"confidence_level":0.95,"lower_bound":980535.585907596,"upper_bound":1331378.6138616283},"point_estimate":1160517.112790731,"standard_error":89750.76726726737}}