{"mean":{"confidence_interval":{"confidence_level":0.95,"lower_bound":1512073.6267901496,"upper_bound":1552704.283013053},"point_estimate":1531317.4481226155,"standard_error":10361.821414569762},"median":{"confidence_interval":{"confidence_level":0.95,"lower_bound":1492852.1033653845,"upper_bound":1531718.9583333335},"point_estimate":1500445.4678362573,"standard_error":9538.500029566703},"median_abs_dev":{"confidence_interval":{"confidence_level":0.95,"lower_bound":15429.721653151035,"upper_bound":62524.94738996029},"point_estimate":35617.38071361098,"standard_error":11796.540392773997},"slope":{"confidence_interval":{"confidence_level":0.95,"lower_bound":1503197.5967537656,"upper_bound":1541725.086736009},"point_estimate":1521027.4299909666,"standard_error":9980.965566229728},"std_dev":{"confidence_interval":{"confidence_level":0.95,"lower_bound":46780.51779417785,"upper_bound":79609.6246688874},"point_estimate":66279.3173679895,"standard_error":8371.893145811084}}