{"mean":{"confidence_interval":{"confidence_level":0.95,"lower_bound":0.15841226078796192,"upper_bound":0.18980529266677199},"point_estimate":0.1737325783206991,"standard_error":0.008249933220903819},"median":{"confidence_interval":{"confidence_level":0.95,"lower_bound":0.1286522479318617,"upper_bound":0.13533782117828924},"point_estimate":0.13048757607454742,"standard_error":0.0018222242686613136}}