{"mean":{"confidence_interval":{"confidence_level":0.95,"lower_bound":75080.14976428522,"upper_bound":76344.37655945137},"point_estimate":75672.3637878795,"standard_error":323.05320235307755},"median":{"confidence_interval":{"confidence_level":0.95,"lower_bound":74436.866359447,"upper_bound":74780.4294217687},"point_estimate":74540.29581529582,"standard_error":88.22812508954966},"median_abs_dev":{"confidence_interval":{"confidence_level":0.95,"lower_bound":686.0418532702411,"upper_bound":1413.8152394642323},"point_estimate":957.3731408979716,"standard_error":187.34972493998853},"slope":{"confidence_interval":{"confidence_level":0.95,"lower_bound":74539.98692674981,"upper_bound":75882.80292912651},"point_estimate":75135.74012539847,"standard_error":343.83302653411795},"std_dev":{"confidence_interval":{"confidence_level":0.95,"lower_bound":2146.699614314667,"upper_bound":4159.026517356826},"point_estimate":3247.206366523856,"standard_error":514.2129022051271}}