{"mean":{"confidence_interval":{"confidence_level":0.95,"lower_bound":23825453.800000004,"upper_bound":24354487.324999996},"point_estimate":24079653.0,"standard_error":135400.87168439772},"median":{"confidence_interval":{"confidence_level":0.95,"lower_bound":23577466.666666668,"upper_bound":24134266.666666668},"point_estimate":23824850.0,"standard_error":167377.09897475204},"median_abs_dev":{"confidence_interval":{"confidence_level":0.95,"lower_bound":749848.4111875314,"upper_bound":1329595.6563949585},"point_estimate":1017483.6519360552,"standard_error":161639.55239113557},"slope":null,"std_dev":{"confidence_interval":{"confidence_level":0.95,"lower_bound":1033347.2117239028,"upper_bound":1673758.486044384},"point_estimate":1364632.7838879738,"standard_error":164613.49031202713}}