{"mean":{"confidence_interval":{"confidence_level":0.95,"lower_bound":30674671.45,"upper_bound":31561397.1125},"point_estimate":31094496.5,"standard_error":225451.0010419315},"median":{"confidence_interval":{"confidence_level":0.95,"lower_bound":29829200.0,"upper_bound":30609450.0},"point_estimate":30048275.0,"standard_error":215368.17627927705},"median_abs_dev":{"confidence_interval":{"confidence_level":0.95,"lower_bound":715576.8772959709,"upper_bound":1725672.2393631935},"point_estimate":1046567.3214197159,"standard_error":286232.3285683026},"slope":null,"std_dev":{"confidence_interval":{"confidence_level":0.95,"lower_bound":1659461.119966956,"upper_bound":2842833.329715103},"point_estimate":2273817.089972112,"standard_error":304052.24125161965}}