{"mean":{"confidence_interval":{"confidence_level":0.95,"lower_bound":0.009196912340206528,"upper_bound":0.08004936891437847},"point_estimate":0.043846102829592226,"standard_error":0.018043870002113983},"median":{"confidence_interval":{"confidence_level":0.95,"lower_bound":0.04492869597638949,"upper_bound":0.13952765410996762},"point_estimate":0.10029278453053214,"standard_error":0.02394621519313652}}