{"mean":{"confidence_interval":{"confidence_level":0.95,"lower_bound":-0.0023397446758421188,"upper_bound":0.0792991056164048},"point_estimate":0.03438061915677548,"standard_error":0.02074719597478163},"median":{"confidence_interval":{"confidence_level":0.95,"lower_bound":0.021165532834806156,"upper_bound":0.04280029266136953},"point_estimate":0.03301563124305851,"standard_error":0.005657526080211445}}