{"mean":{"confidence_interval":{"confidence_level":0.95,"lower_bound":0.021613506086853286,"upper_bound":0.0337235954022743},"point_estimate":0.027724290228742232,"standard_error":0.0031096998168455656},"median":{"confidence_interval":{"confidence_level":0.95,"lower_bound":0.025456554994978564,"upper_bound":0.03281718046127202},"point_estimate":0.029272050499171476,"standard_error":0.001901111147271327}}