{"mean":{"confidence_interval":{"confidence_level":0.95,"lower_bound":-0.08243002461976029,"upper_bound":0.3659798408574641},"point_estimate":0.07475485566167372,"standard_error":0.11900720421753866},"median":{"confidence_interval":{"confidence_level":0.95,"lower_bound":-0.06337535852065812,"upper_bound":0.04615703276428307},"point_estimate":-0.0006721605895567695,"standard_error":0.02843331146207286}}