{"mean":{"confidence_interval":{"confidence_level":0.95,"lower_bound":253.22013284175722,"upper_bound":254.14886982392247},"point_estimate":253.64278033808398,"standard_error":0.2385616723459311},"median":{"confidence_interval":{"confidence_level":0.95,"lower_bound":252.858659711533,"upper_bound":253.48391560551642},"point_estimate":253.14043832001758,"standard_error":0.14452590641260965},"median_abs_dev":{"confidence_interval":{"confidence_level":0.95,"lower_bound":0.8401112847653596,"upper_bound":1.3691689353381613},"point_estimate":1.090742462305124,"standard_error":0.13525932265879353},"slope":{"confidence_interval":{"confidence_level":0.95,"lower_bound":252.837151794671,"upper_bound":254.26476321486234},"point_estimate":253.43891677559049,"standard_error":0.3684695086203304},"std_dev":{"confidence_interval":{"confidence_level":0.95,"lower_bound":1.25768421962488,"upper_bound":3.3854130476383073},"point_estimate":2.3913997530048183,"standard_error":0.5540692939427039}}