{"mean":{"confidence_interval":{"confidence_level":0.95,"lower_bound":-0.44826315312632176,"upper_bound":-0.4076935290070398},"point_estimate":-0.4281206412124592,"standard_error":0.010556302748007968},"median":{"confidence_interval":{"confidence_level":0.95,"lower_bound":-0.4344466091482556,"upper_bound":-0.3868122407588168},"point_estimate":-0.42169839496154116,"standard_error":0.014137064118866623}}