{"mean":{"confidence_interval":{"confidence_level":0.95,"lower_bound":4587483.509090911,"upper_bound":4619781.309090911},"point_estimate":4602971.636363636,"standard_error":8254.226274690052},"median":{"confidence_interval":{"confidence_level":0.95,"lower_bound":4573881.818181818,"upper_bound":4602481.818181818},"point_estimate":4586759.090909092,"standard_error":7259.37966445569},"median_abs_dev":{"confidence_interval":{"confidence_level":0.95,"lower_bound":42247.3601590504,"upper_bound":82479.73217205663},"point_estimate":59593.779851088504,"standard_error":10016.464068226287},"slope":null,"std_dev":{"confidence_interval":{"confidence_level":0.95,"lower_bound":64532.527607385724,"upper_bound":101081.66911688297},"point_estimate":83021.64422969407,"standard_error":9385.032438767223}}