{"mean":{"confidence_interval":{"confidence_level":0.95,"lower_bound":-0.075202822649868,"upper_bound":-0.04545139762767548},"point_estimate":-0.05941303892752248,"standard_error":0.0075943147418213374},"median":{"confidence_interval":{"confidence_level":0.95,"lower_bound":-0.05734757435401305,"upper_bound":-0.042864328484995995},"point_estimate":-0.04962588165157844,"standard_error":0.0035832945964458414}}