{"mean":{"confidence_interval":{"confidence_level":0.95,"lower_bound":15573950.21875,"upper_bound":15879318.775},"point_estimate":15715704.0,"standard_error":78131.75918391877},"median":{"confidence_interval":{"confidence_level":0.95,"lower_bound":15351275.0,"upper_bound":15513450.0},"point_estimate":15444037.5,"standard_error":40529.421303840914},"median_abs_dev":{"confidence_interval":{"confidence_level":0.95,"lower_bound":198186.55148148537,"upper_bound":408122.70775437355},"point_estimate":270240.9102022648,"standard_error":53944.446581028606},"slope":null,"std_dev":{"confidence_interval":{"confidence_level":0.95,"lower_bound":519420.3175672654,"upper_bound":1058255.4324545392},"point_estimate":787516.0472689179,"standard_error":141734.95538141706}}