{"mean":{"confidence_interval":{"confidence_level":0.95,"lower_bound":82518363.53125,"upper_bound":82795103.90625},"point_estimate":82645583.75,"standard_error":71028.20763336268},"median":{"confidence_interval":{"confidence_level":0.95,"lower_bound":82424650.0,"upper_bound":82648150.0},"point_estimate":82460300.0,"standard_error":62857.021337074984},"median_abs_dev":{"confidence_interval":{"confidence_level":0.95,"lower_bound":106969.58810091019,"upper_bound":397707.44293928146},"point_estimate":262346.0653424263,"standard_error":70686.07621919092},"slope":null,"std_dev":{"confidence_interval":{"confidence_level":0.95,"lower_bound":253502.10188160604,"upper_bound":620276.6890354841},"point_estimate":455653.65240181645,"standard_error":95873.76179520237}}