{"mean":{"confidence_interval":{"confidence_level":0.95,"lower_bound":61462.41093184476,"upper_bound":63120.69247517005},"point_estimate":62252.87126128542,"standard_error":421.9854685161495},"median":{"confidence_interval":{"confidence_level":0.95,"lower_bound":60752.04501800721,"upper_bound":62084.98683055312},"point_estimate":61186.99734811958,"standard_error":338.2386271602706},"median_abs_dev":{"confidence_interval":{"confidence_level":0.95,"lower_bound":2253.0875950596937,"upper_bound":3490.741665968122},"point_estimate":2980.114530597304,"standard_error":297.62514915133573},"slope":{"confidence_interval":{"confidence_level":0.95,"lower_bound":62679.588178210746,"upper_bound":65336.97984469912},"point_estimate":63909.73650674988,"standard_error":681.5433130292305},"std_dev":{"confidence_interval":{"confidence_level":0.95,"lower_bound":3091.630902446598,"upper_bound":5355.073649942871},"point_estimate":4266.596054852436,"standard_error":580.723657158233}}