{"mean":{"confidence_interval":{"confidence_level":0.95,"lower_bound":32066335.725,"upper_bound":32546955.7125},"point_estimate":32299962.5,"standard_error":122655.09959782504},"median":{"confidence_interval":{"confidence_level":0.95,"lower_bound":31902900.0,"upper_bound":32345100.0},"point_estimate":32169025.0,"standard_error":99508.5569425519},"median_abs_dev":{"confidence_interval":{"confidence_level":0.95,"lower_bound":623841.0039246082,"upper_bound":1307579.0467858315},"point_estimate":1041192.896515131,"standard_error":186328.18968763135},"slope":null,"std_dev":{"confidence_interval":{"confidence_level":0.95,"lower_bound":988393.8134760766,"upper_bound":1473849.0933600825},"point_estimate":1232806.1822519943,"standard_error":124537.15579132373}}