{"mean":{"confidence_interval":{"confidence_level":0.95,"lower_bound":49866564.65,"upper_bound":50467322.05},"point_estimate":50154161.0,"standard_error":153073.96790947858},"median":{"confidence_interval":{"confidence_level":0.95,"lower_bound":49680400.0,"upper_bound":50125400.0},"point_estimate":49842500.0,"standard_error":115476.99397455026},"median_abs_dev":{"confidence_interval":{"confidence_level":0.95,"lower_bound":715204.3740525843,"upper_bound":1239305.3179979324},"point_estimate":948641.5931582451,"standard_error":132048.03851038858},"slope":null,"std_dev":{"confidence_interval":{"confidence_level":0.95,"lower_bound":1132810.3018193813,"upper_bound":1917647.3344824354},"point_estimate":1536724.5970737617,"standard_error":202129.3962800515}}