{"mean":{"confidence_interval":{"confidence_level":0.95,"lower_bound":69163478.975,"upper_bound":69445487.225},"point_estimate":69292615.0,"standard_error":72134.0851200912},"median":{"confidence_interval":{"confidence_level":0.95,"lower_bound":69063050.0,"upper_bound":69213100.0},"point_estimate":69137300.0,"standard_error":33860.88881470779},"median_abs_dev":{"confidence_interval":{"confidence_level":0.95,"lower_bound":212456.57622814178,"upper_bound":365757.4135065079},"point_estimate":309196.2245106697,"standard_error":39000.38679196735},"slope":null,"std_dev":{"confidence_interval":{"confidence_level":0.95,"lower_bound":401281.01523245504,"upper_bound":1006787.9169496481},"point_estimate":727414.0684262605,"standard_error":155735.0626668592}}