{"mean":{"confidence_interval":{"confidence_level":0.95,"lower_bound":-0.36563422974351434,"upper_bound":-0.3525862823130422},"point_estimate":-0.3588102100343211,"standard_error":0.0033357962355796953},"median":{"confidence_interval":{"confidence_level":0.95,"lower_bound":-0.3475325256084595,"upper_bound":-0.3411277436521981},"point_estimate":-0.34401067186384304,"standard_error":0.0017822199251787323}}