{"mean":{"confidence_interval":{"confidence_level":0.95,"lower_bound":20705953.625,"upper_bound":21121930.525000002},"point_estimate":20909390.333333336,"standard_error":106289.33032718673},"median":{"confidence_interval":{"confidence_level":0.95,"lower_bound":20208116.666666664,"upper_bound":20638000.0},"point_estimate":20288850.0,"standard_error":129742.28927951446},"median_abs_dev":{"confidence_interval":{"confidence_level":0.95,"lower_bound":306280.4445624333,"upper_bound":1017959.3194276051},"point_estimate":510187.3609423628,"standard_error":185644.42929892265},"slope":null,"std_dev":{"confidence_interval":{"confidence_level":0.95,"lower_bound":944974.8042100128,"upper_bound":1166130.425910066},"point_estimate":1070862.7974491436,"standard_error":56498.29470991554}}