{"mean":{"confidence_interval":{"confidence_level":0.95,"lower_bound":293677580.6875,"upper_bound":301972414.375},"point_estimate":297593682.5,"standard_error":2117615.754961576},"median":{"confidence_interval":{"confidence_level":0.95,"lower_bound":290581700.0,"upper_bound":301855800.0},"point_estimate":298153400.0,"standard_error":2664361.66490425},"median_abs_dev":{"confidence_interval":{"confidence_level":0.95,"lower_bound":7797586.30156517,"upper_bound":16252853.951454163},"point_estimate":13384245.392382145,"standard_error":2202855.706079378},"slope":null,"std_dev":{"confidence_interval":{"confidence_level":0.95,"lower_bound":8982551.570150143,"upper_bound":18304098.28016262},"point_estimate":13571700.939764468,"standard_error":2565187.0299376035}}