{"mean":{"confidence_interval":{"confidence_level":0.95,"lower_bound":-0.11842973296533736,"upper_bound":-0.009941464119779126},"point_estimate":-0.0646790851521788,"standard_error":0.027693432567573607},"median":{"confidence_interval":{"confidence_level":0.95,"lower_bound":-0.16577302230009855,"upper_bound":0.007980412365748757},"point_estimate":-0.10261777198008137,"standard_error":0.042811829817407186}}