{"mean":{"confidence_interval":{"confidence_level":0.95,"lower_bound":117161380.75,"upper_bound":118563297.3125},"point_estimate":117693171.25,"standard_error":387066.971692978},"median":{"confidence_interval":{"confidence_level":0.95,"lower_bound":116978350.0,"upper_bound":117258600.0},"point_estimate":117116300.0,"standard_error":65806.35575886302},"median_abs_dev":{"confidence_interval":{"confidence_level":0.95,"lower_bound":239921.74074053764,"upper_bound":662796.3182330132},"point_estimate":415721.0326194763,"standard_error":111393.81364150606},"slope":null,"std_dev":{"confidence_interval":{"confidence_level":0.95,"lower_bound":491662.2552588032,"upper_bound":4108885.891148348},"point_estimate":2485931.863813656,"standard_error":1217129.8931334196}}