{"mean":{"confidence_interval":{"confidence_level":0.95,"lower_bound":113472436.75,"upper_bound":115533400.3},"point_estimate":114391726.0,"standard_error":531092.8705268415},"median":{"confidence_interval":{"confidence_level":0.95,"lower_bound":112519000.0,"upper_bound":112998150.0},"point_estimate":112636950.0,"standard_error":131485.61480284762},"median_abs_dev":{"confidence_interval":{"confidence_level":0.95,"lower_bound":505418.33102703094,"upper_bound":1130482.479929924},"point_estimate":684590.5378460884,"standard_error":165853.36064393603},"slope":null,"std_dev":{"confidence_interval":{"confidence_level":0.95,"lower_bound":2411190.776038776,"upper_bound":7554734.286922055},"point_estimate":5348133.392744603,"standard_error":1286811.9842893966}}