{"mean":{"confidence_interval":{"confidence_level":0.95,"lower_bound":30156430.525,"upper_bound":30919915.5875},"point_estimate":30517932.5,"standard_error":195650.19860088153},"median":{"confidence_interval":{"confidence_level":0.95,"lower_bound":29612150.0,"upper_bound":29975200.0},"point_estimate":29765075.0,"standard_error":79431.41892615361},"median_abs_dev":{"confidence_interval":{"confidence_level":0.95,"lower_bound":498931.9561421871,"upper_bound":1041341.1565124989},"point_estimate":722730.4221689701,"standard_error":137653.57788161404},"slope":null,"std_dev":{"confidence_interval":{"confidence_level":0.95,"lower_bound":1442844.6559650588,"upper_bound":2405066.489096976},"point_estimate":1962429.838434107,"standard_error":245739.37325838063}}