{"mean":{"confidence_interval":{"confidence_level":0.95,"lower_bound":2635684.719736842,"upper_bound":2695888.0342105273},"point_estimate":2662590.263157895,"standard_error":15517.100492772093},"median":{"confidence_interval":{"confidence_level":0.95,"lower_bound":2617686.842105263,"upper_bound":2622231.5789473685},"point_estimate":2620094.736842105,"standard_error":1275.6666751335263},"median_abs_dev":{"confidence_interval":{"confidence_level":0.95,"lower_bound":6500.0304109174185,"upper_bound":14424.332191285048},"point_estimate":10015.352980086824,"standard_error":2124.0099632113006},"slope":null,"std_dev":{"confidence_interval":{"confidence_level":0.95,"lower_bound":70723.69784200388,"upper_bound":220053.5514816823},"point_estimate":155961.00063873525,"standard_error":37782.243342662936}}