{"mean":{"confidence_interval":{"confidence_level":0.95,"lower_bound":-0.04300301592208552,"upper_bound":-0.01800421286663568},"point_estimate":-0.031368667716807574,"standard_error":0.00644707459285},"median":{"confidence_interval":{"confidence_level":0.95,"lower_bound":-0.030682521428736398,"upper_bound":-0.018386358083616106},"point_estimate":-0.02354766336104963,"standard_error":0.0032911289180340714}}