{"mean":{"confidence_interval":{"confidence_level":0.95,"lower_bound":0.059570580296958026,"upper_bound":0.15940146949910383},"point_estimate":0.10812506765891716,"standard_error":0.025527431319076255},"median":{"confidence_interval":{"confidence_level":0.95,"lower_bound":0.13669266562081908,"upper_bound":0.2878349326383802},"point_estimate":0.22385740899743456,"standard_error":0.03789109352855642}}