{"mean":{"confidence_interval":{"confidence_level":0.95,"lower_bound":-0.26589591827437636,"upper_bound":-0.21757870758802958},"point_estimate":-0.2398775990488643,"standard_error":0.012412063747804418},"median":{"confidence_interval":{"confidence_level":0.95,"lower_bound":-0.22523754256035602,"upper_bound":-0.20130690831243236},"point_estimate":-0.21149533105231633,"standard_error":0.0058487866086062365}}