{"mean":{"confidence_interval":{"confidence_level":0.95,"lower_bound":15277470.08333333,"upper_bound":15834930.058333328},"point_estimate":15545967.000000002,"standard_error":142152.94078185377},"median":{"confidence_interval":{"confidence_level":0.95,"lower_bound":14712566.666666666,"upper_bound":15083666.666666666},"point_estimate":14810700.0,"standard_error":87524.00039636613},"median_abs_dev":{"confidence_interval":{"confidence_level":0.95,"lower_bound":218634.0761184683,"upper_bound":716294.7027832262},"point_estimate":382090.72321653273,"standard_error":121557.60565918603},"slope":null,"std_dev":{"confidence_interval":{"confidence_level":0.95,"lower_bound":1150268.9600189324,"upper_bound":1636919.8908461581},"point_estimate":1423288.2056929066,"standard_error":124595.10848981947}}