{"mean":{"confidence_interval":{"confidence_level":0.95,"lower_bound":268471301.8125,"upper_bound":275998622.5625},"point_estimate":271314652.5,"standard_error":2074065.4706553265},"median":{"confidence_interval":{"confidence_level":0.95,"lower_bound":267701450.0,"upper_bound":269833600.0},"point_estimate":268391000.0,"standard_error":495523.64216611},"median_abs_dev":{"confidence_interval":{"confidence_level":0.95,"lower_bound":1366899.724982684,"upper_bound":3557943.4168338776},"point_estimate":2589286.7240309715,"standard_error":551933.070413604},"slope":null,"std_dev":{"confidence_interval":{"confidence_level":0.95,"lower_bound":2335430.4135415717,"upper_bound":21954516.709055074},"point_estimate":13290863.799405683,"standard_error":6489736.879627058}}