{"mean":{"confidence_interval":{"confidence_level":0.95,"lower_bound":130667.17637079464,"upper_bound":158384.75335343005},"point_estimate":143357.06831473263,"standard_error":7074.084630870173},"median":{"confidence_interval":{"confidence_level":0.95,"lower_bound":116815.0974025974,"upper_bound":155555.31236005374},"point_estimate":137590.73199527746,"standard_error":11952.36271391},"median_abs_dev":{"confidence_interval":{"confidence_level":0.95,"lower_bound":22392.87551153791,"upper_bound":54231.463024572826},"point_estimate":39539.79003666476,"standard_error":8205.310347609471},"slope":{"confidence_interval":{"confidence_level":0.95,"lower_bound":156113.57365944967,"upper_bound":174321.11391549598},"point_estimate":166379.94621006816,"standard_error":4658.984720176967},"std_dev":{"confidence_interval":{"confidence_level":0.95,"lower_bound":28325.023357110025,"upper_bound":64064.70339379022},"point_estimate":45399.266480639475,"standard_error":10538.86488801979}}