{"mean":{"confidence_interval":{"confidence_level":0.95,"lower_bound":-0.03749119536373785,"upper_bound":0.04734775647459928},"point_estimate":0.00529091419407135,"standard_error":0.021714283284128635},"median":{"confidence_interval":{"confidence_level":0.95,"lower_bound":0.004507000803528616,"upper_bound":0.07056273458234821},"point_estimate":0.03176143643878726,"standard_error":0.01719342635648057}}