{"mean":{"confidence_interval":{"confidence_level":0.95,"lower_bound":0.12353251795721713,"upper_bound":0.22654986212218695},"point_estimate":0.17280596006396198,"standard_error":0.02576764199624033},"median":{"confidence_interval":{"confidence_level":0.95,"lower_bound":0.06600719762990837,"upper_bound":0.2578430950901356},"point_estimate":0.1910170151572288,"standard_error":0.06321041146181086}}