{"mean":{"confidence_interval":{"confidence_level":0.95,"lower_bound":31411078.3625,"upper_bound":32709651.5875},"point_estimate":32037440.5,"standard_error":331450.21021192183},"median":{"confidence_interval":{"confidence_level":0.95,"lower_bound":30352250.0,"upper_bound":31942600.0},"point_estimate":31231625.0,"standard_error":409960.79528129724},"median_abs_dev":{"confidence_interval":{"confidence_level":0.95,"lower_bound":2052103.6885678768,"upper_bound":3853870.371580124},"point_estimate":3065794.35557127,"standard_error":472570.2501697754},"slope":null,"std_dev":{"confidence_interval":{"confidence_level":0.95,"lower_bound":2620394.839751052,"upper_bound":3979718.1045969604},"point_estimate":3325193.564083294,"standard_error":348571.22020589776}}