{"mean":{"confidence_interval":{"confidence_level":0.95,"lower_bound":2026228.4352941164,"upper_bound":2121886.0470588235},"point_estimate":2073778.2352941183,"standard_error":24376.718945269313},"median":{"confidence_interval":{"confidence_level":0.95,"lower_bound":2002135.2941176472,"upper_bound":2160752.9411764704},"point_estimate":2106717.6470588236,"standard_error":51525.2629182734},"median_abs_dev":{"confidence_interval":{"confidence_level":0.95,"lower_bound":195476.44594136404,"upper_bound":365757.9585800275},"point_estimate":257859.0201279698,"standard_error":40293.09398025465},"slope":null,"std_dev":{"confidence_interval":{"confidence_level":0.95,"lower_bound":219019.47225806632,"upper_bound":268871.28818928794},"point_estimate":245882.0973119977,"standard_error":12716.834821754273}}