{"mean":{"confidence_interval":{"confidence_level":0.95,"lower_bound":42207651.95,"upper_bound":42428091.75},"point_estimate":42316224.5,"standard_error":56044.12131751154},"median":{"confidence_interval":{"confidence_level":0.95,"lower_bound":42103750.0,"upper_bound":42390650.0},"point_estimate":42194350.0,"standard_error":68492.62710211381},"median_abs_dev":{"confidence_interval":{"confidence_level":0.95,"lower_bound":414164.3026471138,"upper_bound":672507.3480606079},"point_estimate":546745.8052933216,"standard_error":65128.952336462},"slope":null,"std_dev":{"confidence_interval":{"confidence_level":0.95,"lower_bound":472694.990792423,"upper_bound":646366.116708861},"point_estimate":562800.0615830895,"standard_error":44443.74253213203}}