{"mean":{"confidence_interval":{"confidence_level":0.95,"lower_bound":68152667.95,"upper_bound":68439164.025},"point_estimate":68281776.0,"standard_error":73394.63716422649},"median":{"confidence_interval":{"confidence_level":0.95,"lower_bound":68020200.0,"upper_bound":68171600.0},"point_estimate":68121150.0,"standard_error":44734.048298003385},"median_abs_dev":{"confidence_interval":{"confidence_level":0.95,"lower_bound":278061.62506341934,"upper_bound":508012.8809809685},"point_estimate":406084.1327905655,"standard_error":59281.776662529766},"slope":null,"std_dev":{"confidence_interval":{"confidence_level":0.95,"lower_bound":413029.2694653385,"upper_bound":1066790.409348609},"point_estimate":739044.0138230447,"standard_error":178041.64120104656}}