{"mean":{"confidence_interval":{"confidence_level":0.95,"lower_bound":18288042.191666666,"upper_bound":18639136.958333336},"point_estimate":18451583.33333333,"standard_error":89938.23733567989},"median":{"confidence_interval":{"confidence_level":0.95,"lower_bound":18088966.666666668,"upper_bound":18319333.333333332},"point_estimate":18215433.333333336,"standard_error":67708.13322078325},"median_abs_dev":{"confidence_interval":{"confidence_level":0.95,"lower_bound":402674.15285110474,"upper_bound":667861.8681430835},"point_estimate":569268.9698934574,"standard_error":67745.8285305741},"slope":null,"std_dev":{"confidence_interval":{"confidence_level":0.95,"lower_bound":579176.0295749513,"upper_bound":1171516.1881990356},"point_estimate":900593.3878792399,"standard_error":150163.5036193166}}