{"mean":{"confidence_interval":{"confidence_level":0.95,"lower_bound":160117.78854166664,"upper_bound":206014.22812499997},"point_estimate":176789.2500000001,"standard_error":13409.534330725683},"median":{"confidence_interval":{"confidence_level":0.95,"lower_bound":151645.83333333334,"upper_bound":162766.66666666666},"point_estimate":155516.6666666667,"standard_error":2938.6628463133657},"median_abs_dev":{"confidence_interval":{"confidence_level":0.95,"lower_bound":12710.206024348765,"upper_bound":25815.84926042704},"point_estimate":17967.25843101742,"standard_error":3470.91779627025},"slope":null,"std_dev":{"confidence_interval":{"confidence_level":0.95,"lower_bound":19737.850043189483,"upper_bound":230689.3950545583},"point_estimate":135610.91817146505,"standard_error":74488.79966951635}}