{"mean":{"confidence_interval":{"confidence_level":0.95,"lower_bound":20452979.78333334,"upper_bound":21171836.500000007},"point_estimate":20791877.000000004,"standard_error":183875.9895614631},"median":{"confidence_interval":{"confidence_level":0.95,"lower_bound":19928466.666666668,"upper_bound":20609250.0},"point_estimate":20178966.666666668,"standard_error":184244.4982262245},"median_abs_dev":{"confidence_interval":{"confidence_level":0.95,"lower_bound":852519.694864749,"upper_bound":1509632.71319866},"point_estimate":1177357.3490977306,"standard_error":180215.72434546208},"slope":null,"std_dev":{"confidence_interval":{"confidence_level":0.95,"lower_bound":1285059.4565703038,"upper_bound":2421027.4100039913},"point_estimate":1850903.0681635544,"standard_error":297201.96145155973}}