{"mean":{"confidence_interval":{"confidence_level":0.95,"lower_bound":-0.011239372186710466,"upper_bound":0.07167979281692509},"point_estimate":0.031118087331008404,"standard_error":0.021007254902415864},"median":{"confidence_interval":{"confidence_level":0.95,"lower_bound":0.02484045187539574,"upper_bound":0.05628403089293621},"point_estimate":0.03484628359419073,"standard_error":0.009803413054872432}}