{"mean":{"confidence_interval":{"confidence_level":0.95,"lower_bound":25060649.775,"upper_bound":25738253.15},"point_estimate":25397150.5,"standard_error":172733.9496273899},"median":{"confidence_interval":{"confidence_level":0.95,"lower_bound":24897350.0,"upper_bound":25943475.0},"point_estimate":25140850.0,"standard_error":256911.2762032244},"median_abs_dev":{"confidence_interval":{"confidence_level":0.95,"lower_bound":1574150.5220532417,"upper_bound":2570049.989372492},"point_estimate":2071748.1382191181,"standard_error":246593.6362645118},"slope":null,"std_dev":{"confidence_interval":{"confidence_level":0.95,"lower_bound":1538387.323043722,"upper_bound":1902115.542075242},"point_estimate":1731653.832418024,"standard_error":92821.77439754111}}