{"mean":{"confidence_interval":{"confidence_level":0.95,"lower_bound":-0.249591945324242,"upper_bound":-0.18401548279376678},"point_estimate":-0.21837886253983385,"standard_error":0.016732859072315556},"median":{"confidence_interval":{"confidence_level":0.95,"lower_bound":-0.2995019777110127,"upper_bound":-0.19006253691723884},"point_estimate":-0.22701092598101635,"standard_error":0.027697928620710483}}