{"mean":{"confidence_interval":{"confidence_level":0.95,"lower_bound":2140298.998958334,"upper_bound":2155398.667708333},"point_estimate":2147469.791666667,"standard_error":3859.7165294317883},"median":{"confidence_interval":{"confidence_level":0.95,"lower_bound":2131070.8333333335,"upper_bound":2140200.0},"point_estimate":2137043.75,"standard_error":2219.116596027641},"median_abs_dev":{"confidence_interval":{"confidence_level":0.95,"lower_bound":12555.76852709055,"upper_bound":22794.974595308995},"point_estimate":18022.855930030346,"standard_error":2488.607305078181},"slope":null,"std_dev":{"confidence_interval":{"confidence_level":0.95,"lower_bound":27178.561620667144,"upper_bound":48587.55624481442},"point_estimate":38851.40842826575,"standard_error":5457.7907896798815}}