{"mean":{"confidence_interval":{"confidence_level":0.95,"lower_bound":20439142.33035715,"upper_bound":20825639.571428575},"point_estimate":20613687.14285714,"standard_error":99140.59652746291},"median":{"confidence_interval":{"confidence_level":0.95,"lower_bound":20287607.14285714,"upper_bound":20544221.42857143},"point_estimate":20374714.285714284,"standard_error":63520.90207818949},"median_abs_dev":{"confidence_interval":{"confidence_level":0.95,"lower_bound":117930.23790632133,"upper_bound":440512.22217934276},"point_estimate":227240.21596567775,"standard_error":76862.82738499716},"slope":null,"std_dev":{"confidence_interval":{"confidence_level":0.95,"lower_bound":320314.5647807342,"upper_bound":868658.3137235938},"point_estimate":633492.8996581737,"standard_error":140846.8475001784}}