{"mean":{"confidence_interval":{"confidence_level":0.95,"lower_bound":1306297.755813038,"upper_bound":1348741.7142680811},"point_estimate":1326716.7051075206,"standard_error":10839.038134786222},"median":{"confidence_interval":{"confidence_level":0.95,"lower_bound":1257680.0,"upper_bound":1298725.7352941176},"point_estimate":1280855.565142364,"standard_error":11751.897480039215},"median_abs_dev":{"confidence_interval":{"confidence_level":0.95,"lower_bound":28939.25170734514,"upper_bound":83301.64143046696},"point_estimate":54323.534720828306,"standard_error":14472.93477627948},"slope":{"confidence_interval":{"confidence_level":0.95,"lower_bound":1283873.322592965,"upper_bound":1332306.1235179163},"point_estimate":1307109.4502733855,"standard_error":12422.363968287047},"std_dev":{"confidence_interval":{"confidence_level":0.95,"lower_bound":90484.38368175749,"upper_bound":125021.44427516854},"point_estimate":109024.2411018963,"standard_error":8808.586703708215}}