{"mean":{"confidence_interval":{"confidence_level":0.95,"lower_bound":296.77839966134155,"upper_bound":301.79109182579685},"point_estimate":298.98358882685983,"standard_error":1.2922005080162409},"median":{"confidence_interval":{"confidence_level":0.95,"lower_bound":294.66306198057475,"upper_bound":295.5253829978973},"point_estimate":294.94686639856036,"standard_error":0.21323797174560183},"median_abs_dev":{"confidence_interval":{"confidence_level":0.95,"lower_bound":1.260989941803229,"upper_bound":2.554876446217995},"point_estimate":1.7565062062557872,"standard_error":0.31410299223707167},"slope":{"confidence_interval":{"confidence_level":0.95,"lower_bound":299.23087137189435,"upper_bound":309.95786569690137},"point_estimate":303.7515374982305,"standard_error":2.821591919492924},"std_dev":{"confidence_interval":{"confidence_level":0.95,"lower_bound":5.660301582683417,"upper_bound":19.408144977296008},"point_estimate":12.992659533082692,"standard_error":3.6458373501831858}}