{"mean":{"confidence_interval":{"confidence_level":0.95,"lower_bound":105136.54578331685,"upper_bound":110979.28014432546},"point_estimate":108043.37033552815,"standard_error":1491.0354906515236},"median":{"confidence_interval":{"confidence_level":0.95,"lower_bound":108866.13756613756,"upper_bound":113450.8225108225},"point_estimate":112062.04186315877,"standard_error":1093.4900544730847},"median_abs_dev":{"confidence_interval":{"confidence_level":0.95,"lower_bound":7437.091304065359,"upper_bound":15015.774947091919},"point_estimate":10330.395035128122,"standard_error":1995.5105999694329},"slope":{"confidence_interval":{"confidence_level":0.95,"lower_bound":103057.2567434856,"upper_bound":109527.6704865953},"point_estimate":106367.02320082755,"standard_error":1652.422471136531},"std_dev":{"confidence_interval":{"confidence_level":0.95,"lower_bound":12683.431929714652,"upper_bound":17096.742697600246},"point_estimate":14944.159317087835,"standard_error":1126.64983121964}}