{"mean":{"confidence_interval":{"confidence_level":0.95,"lower_bound":12843086.4375,"upper_bound":13090406.8875},"point_estimate":12961392.5,"standard_error":63330.32801973577},"median":{"confidence_interval":{"confidence_level":0.95,"lower_bound":12613325.0,"upper_bound":12810350.0},"point_estimate":12657137.5,"standard_error":52369.738720652706},"median_abs_dev":{"confidence_interval":{"confidence_level":0.95,"lower_bound":195888.52152228355,"upper_bound":447486.20036803174},"point_estimate":263180.0278276205,"standard_error":67242.72540988136},"slope":null,"std_dev":{"confidence_interval":{"confidence_level":0.95,"lower_bound":490022.102258715,"upper_bound":765030.3126655373},"point_estimate":635740.0556853232,"standard_error":70428.60992474611}}