{"mean":{"confidence_interval":{"confidence_level":0.95,"lower_bound":12954885.1375,"upper_bound":13269564.79375},"point_estimate":13106890.5,"standard_error":80289.62373737416},"median":{"confidence_interval":{"confidence_level":0.95,"lower_bound":12703687.5,"upper_bound":12823675.0},"point_estimate":12776062.5,"standard_error":31690.73990221234},"median_abs_dev":{"confidence_interval":{"confidence_level":0.95,"lower_bound":186603.7391871214,"upper_bound":447041.8836884198},"point_estimate":320538.1143093109,"standard_error":72226.39010637406},"slope":null,"std_dev":{"confidence_interval":{"confidence_level":0.95,"lower_bound":651221.1028777491,"upper_bound":927692.6218807395},"point_estimate":806546.7703580493,"standard_error":70852.20969128356}}