{"mean":{"confidence_interval":{"confidence_level":0.95,"lower_bound":12174485.0,"upper_bound":12232578.89},"point_estimate":12200525.0,"standard_error":14938.619113443689},"median":{"confidence_interval":{"confidence_level":0.95,"lower_bound":12146880.0,"upper_bound":12173650.0},"point_estimate":12162460.0,"standard_error":7265.505585545289},"median_abs_dev":{"confidence_interval":{"confidence_level":0.95,"lower_bound":40178.45928668976,"upper_bound":67947.55679368973},"point_estimate":55760.58501005173,"standard_error":6681.827687909749},"slope":null,"std_dev":{"confidence_interval":{"confidence_level":0.95,"lower_bound":76105.21482986426,"upper_bound":217735.32942721844},"point_estimate":150226.0667739918,"standard_error":37447.462547706426}}