{"mean":{"confidence_interval":{"confidence_level":0.95,"lower_bound":2461829.80625,"upper_bound":2522047.3000000003},"point_estimate":2488942.2,"standard_error":15437.588933676298},"median":{"confidence_interval":{"confidence_level":0.95,"lower_bound":2445895.0,"upper_bound":2449945.0},"point_estimate":2447835.0,"standard_error":1021.9952103185828},"median_abs_dev":{"confidence_interval":{"confidence_level":0.95,"lower_bound":6968.219876289368,"upper_bound":11097.260802984238},"point_estimate":9181.000337004662,"standard_error":1031.6694977583224},"slope":null,"std_dev":{"confidence_interval":{"confidence_level":0.95,"lower_bound":76234.4462720456,"upper_bound":215080.97497519775},"point_estimate":155205.96283049634,"standard_error":35153.35561194857}}