{"mean":{"confidence_interval":{"confidence_level":0.95,"lower_bound":-0.06348403324669781,"upper_bound":0.25096282124935154},"point_estimate":0.10520601976171018,"standard_error":0.08298175536897597},"median":{"confidence_interval":{"confidence_level":0.95,"lower_bound":0.1955265291496437,"upper_bound":0.2997242035187826},"point_estimate":0.26160282274014657,"standard_error":0.025416727159999323}}