{"mean":{"confidence_interval":{"confidence_level":0.95,"lower_bound":36662236.05,"upper_bound":37233373.2},"point_estimate":36941930.5,"standard_error":145849.19405061466},"median":{"confidence_interval":{"confidence_level":0.95,"lower_bound":36174750.0,"upper_bound":36931100.0},"point_estimate":36554450.0,"standard_error":187683.43640725812},"median_abs_dev":{"confidence_interval":{"confidence_level":0.95,"lower_bound":973734.5977127552,"upper_bound":1729156.3493013382},"point_estimate":1361434.4908297062,"standard_error":199297.60327630563},"slope":null,"std_dev":{"confidence_interval":{"confidence_level":0.95,"lower_bound":1266980.441944339,"upper_bound":1630071.8586056165},"point_estimate":1466700.393102153,"standard_error":92835.80958889528}}