{"mean":{"confidence_interval":{"confidence_level":0.95,"lower_bound":21074883.21666667,"upper_bound":21580504.874999996},"point_estimate":21318714.333333332,"standard_error":129499.21767610445},"median":{"confidence_interval":{"confidence_level":0.95,"lower_bound":20869016.666666664,"upper_bound":21287033.333333332},"point_estimate":21071100.0,"standard_error":103617.34176580166},"median_abs_dev":{"confidence_interval":{"confidence_level":0.95,"lower_bound":622024.818956852,"upper_bound":1157589.349448679},"point_estimate":840139.9850845356,"standard_error":133338.13593916284},"slope":null,"std_dev":{"confidence_interval":{"confidence_level":0.95,"lower_bound":1009527.0310577464,"upper_bound":1549162.6234375448},"point_estimate":1301620.9417358495,"standard_error":138110.3260051656}}