{"mean":{"confidence_interval":{"confidence_level":0.95,"lower_bound":0.17444039225942373,"upper_bound":0.2595085216507965},"point_estimate":0.21394711698512192,"standard_error":0.021613826430557235},"median":{"confidence_interval":{"confidence_level":0.95,"lower_bound":0.1787499145882041,"upper_bound":0.3295437293790422},"point_estimate":0.20315724301163307,"standard_error":0.03867593791961285}}