{"mean":{"confidence_interval":{"confidence_level":0.95,"lower_bound":89179185.975,"upper_bound":89518457.9},"point_estimate":89336058.0,"standard_error":87001.29474864867},"median":{"confidence_interval":{"confidence_level":0.95,"lower_bound":89002100.0,"upper_bound":89253400.0},"point_estimate":89130800.0,"standard_error":68914.00005203934},"median_abs_dev":{"confidence_interval":{"confidence_level":0.95,"lower_bound":324611.5577369932,"upper_bound":584885.6896162033},"point_estimate":460792.0718193054,"standard_error":68192.31588051136},"slope":null,"std_dev":{"confidence_interval":{"confidence_level":0.95,"lower_bound":520262.5902485117,"upper_bound":1171198.488805735},"point_estimate":872586.9622582211,"standard_error":165084.5849426877}}