{"mean":{"confidence_interval":{"confidence_level":0.95,"lower_bound":22023335.63541666,"upper_bound":22332087.552083332},"point_estimate":22172560.833333332,"standard_error":78840.6065723904},"median":{"confidence_interval":{"confidence_level":0.95,"lower_bound":21945475.0,"upper_bound":22148425.0},"point_estimate":22068841.666666668,"standard_error":59176.706830449715},"median_abs_dev":{"confidence_interval":{"confidence_level":0.95,"lower_bound":174427.88690328598,"upper_bound":674573.7217739235},"point_estimate":303772.37960696407,"standard_error":140813.19660487125},"slope":null,"std_dev":{"confidence_interval":{"confidence_level":0.95,"lower_bound":382257.5889907299,"upper_bound":589406.9190555796},"point_estimate":503248.8143159392,"standard_error":52722.281321030634}}