{"mean":{"confidence_interval":{"confidence_level":0.95,"lower_bound":11789665.2125,"upper_bound":12160621.55625},"point_estimate":11962558.0,"standard_error":94944.1394491322},"median":{"confidence_interval":{"confidence_level":0.95,"lower_bound":11620800.0,"upper_bound":11868137.5},"point_estimate":11702937.5,"standard_error":73787.9122307637},"median_abs_dev":{"confidence_interval":{"confidence_level":0.95,"lower_bound":403007.7378451824,"upper_bound":751308.9265990999},"point_estimate":504213.7185484171,"standard_error":88389.80929949268},"slope":null,"std_dev":{"confidence_interval":{"confidence_level":0.95,"lower_bound":639451.1864373231,"upper_bound":1295007.4114442568},"point_estimate":957522.9542299614,"standard_error":177032.05500712513}}