{"mean":{"confidence_interval":{"confidence_level":0.95,"lower_bound":21941940.508333333,"upper_bound":22228881.875000004},"point_estimate":22072816.0,"standard_error":73265.91768168545},"median":{"confidence_interval":{"confidence_level":0.95,"lower_bound":21821800.0,"upper_bound":22033833.333333332},"point_estimate":21910416.666666664,"standard_error":48003.36316726055},"median_abs_dev":{"confidence_interval":{"confidence_level":0.95,"lower_bound":286907.8049063646,"upper_bound":465808.20173025224},"point_estimate":386563.23313712614,"standard_error":45689.98877627657},"slope":null,"std_dev":{"confidence_interval":{"confidence_level":0.95,"lower_bound":433524.4757119036,"upper_bound":1025645.1779770061},"point_estimate":734978.4769210248,"standard_error":155942.8259188039}}