{"mean":{"confidence_interval":{"confidence_level":0.95,"lower_bound":-0.022195745752506033,"upper_bound":0.002351024722411849},"point_estimate":-0.009857720420298977,"standard_error":0.006178964798380082},"median":{"confidence_interval":{"confidence_level":0.95,"lower_bound":-0.01978631694337163,"upper_bound":-0.0037593227791234973},"point_estimate":-0.00820559469572979,"standard_error":0.0035683190348506895}}