{"mean":{"confidence_interval":{"confidence_level":0.95,"lower_bound":5350436.895,"upper_bound":5384854.41},"point_estimate":5365523.0,"standard_error":8830.085410687345},"median":{"confidence_interval":{"confidence_level":0.95,"lower_bound":5336385.0,"upper_bound":5352620.0},"point_estimate":5341895.0,"standard_error":4100.905774076553},"median_abs_dev":{"confidence_interval":{"confidence_level":0.95,"lower_bound":19318.277657032013,"upper_bound":33165.76141119003},"point_estimate":25723.109543323517,"standard_error":3526.5420363416983},"slope":null,"std_dev":{"confidence_interval":{"confidence_level":0.95,"lower_bound":38737.880720533896,"upper_bound":130198.98741772621},"point_estimate":88779.78294406875,"standard_error":23797.168725619435}}