{"mean":{"confidence_interval":{"confidence_level":0.95,"lower_bound":-0.25355918542839856,"upper_bound":-0.22757638127185212},"point_estimate":-0.24152053632745618,"standard_error":0.006842400495802935},"median":{"confidence_interval":{"confidence_level":0.95,"lower_bound":-0.26515984516820124,"upper_bound":-0.2571827532935075},"point_estimate":-0.2620290980034371,"standard_error":0.0021011676635801393}}