{"mean":{"confidence_interval":{"confidence_level":0.95,"lower_bound":-0.15615233426637115,"upper_bound":-0.11124823466660211},"point_estimate":-0.13254916470100497,"standard_error":0.011530875354188123},"median":{"confidence_interval":{"confidence_level":0.95,"lower_bound":-0.19625088994231332,"upper_bound":-0.1628704927236333},"point_estimate":-0.1801157467830753,"standard_error":0.008458380869506656}}