{"mean":{"confidence_interval":{"confidence_level":0.95,"lower_bound":172.17500073185337,"upper_bound":172.77553658404702},"point_estimate":172.43244191139144,"standard_error":0.15476271431728067},"median":{"confidence_interval":{"confidence_level":0.95,"lower_bound":171.94573498326582,"upper_bound":172.28107259517475},"point_estimate":172.1204661965718,"standard_error":0.08063064309489622},"median_abs_dev":{"confidence_interval":{"confidence_level":0.95,"lower_bound":0.48632676325631347,"upper_bound":0.8362691174862791},"point_estimate":0.6714367145718214,"standard_error":0.0895626236941497},"slope":{"confidence_interval":{"confidence_level":0.95,"lower_bound":172.10936386533442,"upper_bound":172.70168286835917},"point_estimate":172.36984319581978,"standard_error":0.1519079189827793},"std_dev":{"confidence_interval":{"confidence_level":0.95,"lower_bound":0.7133588343581524,"upper_bound":2.3941528282798887},"point_estimate":1.5528061931909458,"standard_error":0.506893624131747}}