{"mean":{"confidence_interval":{"confidence_level":0.95,"lower_bound":-0.1458222768036179,"upper_bound":-0.13493971514362033},"point_estimate":-0.14014500404489194,"standard_error":0.002782502801193387},"median":{"confidence_interval":{"confidence_level":0.95,"lower_bound":-0.1376781866451755,"upper_bound":-0.12829835937672507},"point_estimate":-0.1327692035625374,"standard_error":0.0021064461354170865}}