{"mean":{"confidence_interval":{"confidence_level":0.95,"lower_bound":64371757.40625,"upper_bound":64891437.75},"point_estimate":64599033.75,"standard_error":133925.37591918188},"median":{"confidence_interval":{"confidence_level":0.95,"lower_bound":64242825.0,"upper_bound":64441550.0},"point_estimate":64355275.0,"standard_error":47792.38246716868},"median_abs_dev":{"confidence_interval":{"confidence_level":0.95,"lower_bound":180358.28679800034,"upper_bound":444112.8221154213},"point_estimate":337550.9490072727,"standard_error":64522.16701169758},"slope":null,"std_dev":{"confidence_interval":{"confidence_level":0.95,"lower_bound":336747.6279576825,"upper_bound":1261001.5400923109},"point_estimate":859589.3498095993,"standard_error":242337.1589555314}}