{"mean":{"confidence_interval":{"confidence_level":0.95,"lower_bound":53204607.458333336,"upper_bound":53881266.93750001},"point_estimate":53542824.166666664,"standard_error":172419.4083450236},"median":{"confidence_interval":{"confidence_level":0.95,"lower_bound":53180866.66666667,"upper_bound":54048916.666666664},"point_estimate":53402766.666666664,"standard_error":236296.64690985414},"median_abs_dev":{"confidence_interval":{"confidence_level":0.95,"lower_bound":733343.3669805564,"upper_bound":1611289.6513938904},"point_estimate":1215040.09842873,"standard_error":230875.7739937552},"slope":null,"std_dev":{"confidence_interval":{"confidence_level":0.95,"lower_bound":886291.4592854882,"upper_bound":1275289.7460870151},"point_estimate":1102760.2953249433,"standard_error":99406.43882154285}}