{"mean":{"confidence_interval":{"confidence_level":0.95,"lower_bound":7767573.371428572,"upper_bound":8094063.132142856},"point_estimate":7929858.14285714,"standard_error":83574.19217761495},"median":{"confidence_interval":{"confidence_level":0.95,"lower_bound":7766021.428571429,"upper_bound":8026785.714285715},"point_estimate":7942878.571428571,"standard_error":73135.33382482087},"median_abs_dev":{"confidence_interval":{"confidence_level":0.95,"lower_bound":552829.760185309,"upper_bound":977456.9826466694},"point_estimate":777613.0961946073,"standard_error":103470.85478383825},"slope":null,"std_dev":{"confidence_interval":{"confidence_level":0.95,"lower_bound":706417.6528839747,"upper_bound":966598.0380304741},"point_estimate":842747.3829730693,"standard_error":66540.9066198149}}