{"mean":{"confidence_interval":{"confidence_level":0.95,"lower_bound":15143501.14999999,"upper_bound":15790350.383333331},"point_estimate":15457323.666666662,"standard_error":165861.35458264695},"median":{"confidence_interval":{"confidence_level":0.95,"lower_bound":14326266.666666666,"upper_bound":15051933.333333334},"point_estimate":14623266.666666668,"standard_error":180869.27884306514},"median_abs_dev":{"confidence_interval":{"confidence_level":0.95,"lower_bound":408999.9127387991,"upper_bound":1429127.534627914},"point_estimate":810240.8856153502,"standard_error":259552.10956373814},"slope":null,"std_dev":{"confidence_interval":{"confidence_level":0.95,"lower_bound":1413859.2502127057,"upper_bound":1872201.549061568},"point_estimate":1663932.7362887198,"standard_error":116692.60002322552}}