{"mean":{"confidence_interval":{"confidence_level":0.95,"lower_bound":-0.0794022863556681,"upper_bound":-0.04850413744059336},"point_estimate":-0.06342707165137007,"standard_error":0.00791735945562255},"median":{"confidence_interval":{"confidence_level":0.95,"lower_bound":-0.04567734627288933,"upper_bound":-0.03141472269204004},"point_estimate":-0.037700576746598546,"standard_error":0.0036327264032959524}}