{"mean":{"confidence_interval":{"confidence_level":0.95,"lower_bound":13707005.5,"upper_bound":14079832.54375},"point_estimate":13890847.25,"standard_error":95127.1601725825},"median":{"confidence_interval":{"confidence_level":0.95,"lower_bound":13542150.0,"upper_bound":14091100.0},"point_estimate":13775837.5,"standard_error":127961.55293224653},"median_abs_dev":{"confidence_interval":{"confidence_level":0.95,"lower_bound":827476.1103093624,"upper_bound":1287657.0729520172},"point_estimate":1026496.624276042,"standard_error":112903.85828559128},"slope":null,"std_dev":{"confidence_interval":{"confidence_level":0.95,"lower_bound":826034.8996351934,"upper_bound":1079335.902024671},"point_estimate":958461.956446757,"standard_error":64730.80213248975}}