{"mean":{"confidence_interval":{"confidence_level":0.95,"lower_bound":-0.14207162233824874,"upper_bound":-0.11773000733082266},"point_estimate":-0.13028297258960841,"standard_error":0.006232101270801083},"median":{"confidence_interval":{"confidence_level":0.95,"lower_bound":-0.13885802030541539,"upper_bound":-0.12319939584246886},"point_estimate":-0.1317800909796053,"standard_error":0.003887495176351685}}