{"mean":{"confidence_interval":{"confidence_level":0.95,"lower_bound":2083685.051785714,"upper_bound":2143521.387500001},"point_estimate":2112216.9285714277,"standard_error":15317.534425549446},"median":{"confidence_interval":{"confidence_level":0.95,"lower_bound":2034117.8571428573,"upper_bound":2152550.0},"point_estimate":2126014.2857142854,"standard_error":31644.355478993133},"median_abs_dev":{"confidence_interval":{"confidence_level":0.95,"lower_bound":125274.27040093722,"upper_bound":206219.06633887923},"point_estimate":181311.38678107894,"standard_error":21739.35059928214},"slope":null,"std_dev":{"confidence_interval":{"confidence_level":0.95,"lower_bound":115567.58201071853,"upper_bound":202569.39252818853},"point_estimate":154241.5005279426,"standard_error":25180.76645188412}}