{"mean":{"confidence_interval":{"confidence_level":0.95,"lower_bound":5937.979638171762,"upper_bound":6678.839531050372},"point_estimate":6281.80065214798,"standard_error":189.71346800741486},"median":{"confidence_interval":{"confidence_level":0.95,"lower_bound":5275.6101755218215,"upper_bound":5551.186751537382},"point_estimate":5391.656158357771,"standard_error":71.55864964458506},"median_abs_dev":{"confidence_interval":{"confidence_level":0.95,"lower_bound":198.3376149384427,"upper_bound":623.2993491409528},"point_estimate":356.876223966191,"standard_error":108.62500081635831},"slope":{"confidence_interval":{"confidence_level":0.95,"lower_bound":5503.612160152951,"upper_bound":5819.101165449107},"point_estimate":5644.213574414735,"standard_error":80.47337031552713},"std_dev":{"confidence_interval":{"confidence_level":0.95,"lower_bound":1275.3642105661597,"upper_bound":2591.9989566737645},"point_estimate":1912.004489522306,"standard_error":360.3766502644777}}