{"mean":{"confidence_interval":{"confidence_level":0.95,"lower_bound":32817257.484375,"upper_bound":32920848.765625},"point_estimate":32864106.875,"standard_error":26598.717164939688},"median":{"confidence_interval":{"confidence_level":0.95,"lower_bound":32790650.0,"upper_bound":32844025.0},"point_estimate":32823512.5,"standard_error":17744.23851185265},"median_abs_dev":{"confidence_interval":{"confidence_level":0.95,"lower_bound":49722.696617245674,"upper_bound":141551.23248696327},"point_estimate":82970.00102698803,"standard_error":24908.279770273726},"slope":null,"std_dev":{"confidence_interval":{"confidence_level":0.95,"lower_bound":88183.55020306131,"upper_bound":238743.9769676787},"point_estimate":169454.17332887885,"standard_error":39476.045654920774}}