{"mean":{"confidence_interval":{"confidence_level":0.95,"lower_bound":-0.14043341077867014,"upper_bound":-0.12054162540540868},"point_estimate":-0.12932112622495195,"standard_error":0.005109350337389337},"median":{"confidence_interval":{"confidence_level":0.95,"lower_bound":-0.13177932567880024,"upper_bound":-0.11940986719790103},"point_estimate":-0.12524968440606954,"standard_error":0.003100042477614417}}