{"mean":{"confidence_interval":{"confidence_level":0.95,"lower_bound":-0.023325475320062804,"upper_bound":0.03174889676488071},"point_estimate":0.003966656624934561,"standard_error":0.01417594780246335},"median":{"confidence_interval":{"confidence_level":0.95,"lower_bound":-0.04211039254543014,"upper_bound":-0.03684802875178639},"point_estimate":-0.039248418169089305,"standard_error":0.0013503141489193842}}