{"mean":{"confidence_interval":{"confidence_level":0.95,"lower_bound":86472326.925,"upper_bound":89478318.725},"point_estimate":87979751.0,"standard_error":768901.7424384047},"median":{"confidence_interval":{"confidence_level":0.95,"lower_bound":86265300.0,"upper_bound":90939950.0},"point_estimate":89061850.0,"standard_error":1300366.2180873593},"median_abs_dev":{"confidence_interval":{"confidence_level":0.95,"lower_bound":7055396.754741669,"upper_bound":10991106.64486885},"point_estimate":8971434.830725193,"standard_error":968525.3552876846},"slope":null,"std_dev":{"confidence_interval":{"confidence_level":0.95,"lower_bound":6903667.639465298,"upper_bound":8452113.367857322},"point_estimate":7731945.948648844,"standard_error":395918.9928606352}}