{"mean":{"confidence_interval":{"confidence_level":0.95,"lower_bound":-0.018371107547456265,"upper_bound":0.04723152119691276},"point_estimate":0.01402190389061353,"standard_error":0.016742158335278184},"median":{"confidence_interval":{"confidence_level":0.95,"lower_bound":-0.05354656771229349,"upper_bound":0.0014620460720180528},"point_estimate":-0.03566254500314214,"standard_error":0.01797013093112025}}