{"mean":{"confidence_interval":{"confidence_level":0.95,"lower_bound":-0.12656839731710118,"upper_bound":-0.06469412147278354},"point_estimate":-0.09556797764986191,"standard_error":0.015780792960650197},"median":{"confidence_interval":{"confidence_level":0.95,"lower_bound":-0.06784105976764174,"upper_bound":-0.0028876787567887474},"point_estimate":-0.023517851479835095,"standard_error":0.01564712399897397}}