{"mean":{"confidence_interval":{"confidence_level":0.95,"lower_bound":31304774.375,"upper_bound":31570884.421875},"point_estimate":31432343.75,"standard_error":67943.83640141989},"median":{"confidence_interval":{"confidence_level":0.95,"lower_bound":31247600.0,"upper_bound":31481050.0},"point_estimate":31400037.5,"standard_error":70985.77529660256},"median_abs_dev":{"confidence_interval":{"confidence_level":0.95,"lower_bound":246093.06313097477,"upper_bound":564002.8056744479},"point_estimate":443445.65212726593,"standard_error":85408.18873031672},"slope":null,"std_dev":{"confidence_interval":{"confidence_level":0.95,"lower_bound":306542.6218503004,"upper_bound":554003.6069727757},"point_estimate":434905.17525817757,"standard_error":64883.127583904556}}