{"mean":{"confidence_interval":{"confidence_level":0.95,"lower_bound":66734.83179372379,"upper_bound":67296.48276093746},"point_estimate":67001.86935344059,"standard_error":142.2719980796625},"median":{"confidence_interval":{"confidence_level":0.95,"lower_bound":66803.61471861473,"upper_bound":67168.81361035832},"point_estimate":66977.30990173848,"standard_error":90.84435536523135},"median_abs_dev":{"confidence_interval":{"confidence_level":0.95,"lower_bound":627.3457055290564,"upper_bound":1139.1696132966567},"point_estimate":940.5579552315851,"standard_error":139.884217229011},"slope":{"confidence_interval":{"confidence_level":0.95,"lower_bound":66888.3982650503,"upper_bound":67350.32800919411},"point_estimate":67121.29469484263,"standard_error":117.52668564847582},"std_dev":{"confidence_interval":{"confidence_level":0.95,"lower_bound":929.9248808801854,"upper_bound":1990.384661253837},"point_estimate":1433.4264660918761,"standard_error":288.2597716490795}}