{"mean":{"confidence_interval":{"confidence_level":0.95,"lower_bound":82960.80085954527,"upper_bound":89614.07968982043},"point_estimate":86115.2147755028,"standard_error":1698.6171198336817},"median":{"confidence_interval":{"confidence_level":0.95,"lower_bound":75693.30289193302,"upper_bound":89147.10144927536},"point_estimate":84295.97505668935,"standard_error":4472.482146213018},"median_abs_dev":{"confidence_interval":{"confidence_level":0.95,"lower_bound":5990.062608102275,"upper_bound":21481.16350537469},"point_estimate":15456.247135102149,"standard_error":4048.820956262329},"slope":{"confidence_interval":{"confidence_level":0.95,"lower_bound":77818.77163189664,"upper_bound":84374.21143270086},"point_estimate":80767.73741851797,"standard_error":1670.315106815369},"std_dev":{"confidence_interval":{"confidence_level":0.95,"lower_bound":12100.688524480543,"upper_bound":21483.640484964046},"point_estimate":17085.682827816192,"standard_error":2401.0995945699324}}