{"mean":{"confidence_interval":{"confidence_level":0.95,"lower_bound":92.70216833166488,"upper_bound":96.44462282124341},"point_estimate":94.55886625874278,"standard_error":0.9562748530549994},"median":{"confidence_interval":{"confidence_level":0.95,"lower_bound":89.02867935190761,"upper_bound":99.03138385720956},"point_estimate":92.23368124200722,"standard_error":2.5672427289097772},"median_abs_dev":{"confidence_interval":{"confidence_level":0.95,"lower_bound":7.8446214784329475,"upper_bound":14.577756642124227},"point_estimate":12.665366697299483,"standard_error":1.963848231920566},"slope":{"confidence_interval":{"confidence_level":0.95,"lower_bound":87.56350216865543,"upper_bound":90.88607003832136},"point_estimate":89.11440562952579,"standard_error":0.8496279614613839},"std_dev":{"confidence_interval":{"confidence_level":0.95,"lower_bound":8.84326007118434,"upper_bound":10.357787231119048},"point_estimate":9.644775391697094,"standard_error":0.38579670167571406}}