{"mean":{"confidence_interval":{"confidence_level":0.95,"lower_bound":-0.32870042145513206,"upper_bound":-0.3042574968548536},"point_estimate":-0.31684534001940934,"standard_error":0.006099261574286562},"median":{"confidence_interval":{"confidence_level":0.95,"lower_bound":-0.342119618915283,"upper_bound":-0.33855156563570266},"point_estimate":-0.340535302102278,"standard_error":0.0008804401534358802}}