{"mean":{"confidence_interval":{"confidence_level":0.95,"lower_bound":-0.050096041466727435,"upper_bound":-0.016680111619274705},"point_estimate":-0.03241659138414832,"standard_error":0.008532285576751973},"median":{"confidence_interval":{"confidence_level":0.95,"lower_bound":-0.022764758167637122,"upper_bound":-0.007655837941690002},"point_estimate":-0.013003066709567856,"standard_error":0.004046426761115413}}