{"mean":{"confidence_interval":{"confidence_level":0.95,"lower_bound":1979.070515152332,"upper_bound":2037.515178422963},"point_estimate":2007.6790266878606,"standard_error":14.947609255852319},"median":{"confidence_interval":{"confidence_level":0.95,"lower_bound":1908.0511811023623,"upper_bound":1954.0702298576314},"point_estimate":1919.5861128564363,"standard_error":12.183747135290869},"median_abs_dev":{"confidence_interval":{"confidence_level":0.95,"lower_bound":29.983262136780134,"upper_bound":104.71299519909435},"point_estimate":49.4289637789386,"standard_error":20.60154409010022},"slope":{"confidence_interval":{"confidence_level":0.95,"lower_bound":2029.767427887262,"upper_bound":2107.0382374387586},"point_estimate":2069.015232560981,"standard_error":19.740648657986572},"std_dev":{"confidence_interval":{"confidence_level":0.95,"lower_bound":130.47392607079206,"upper_bound":165.83470404633258},"point_estimate":150.00114892907038,"standard_error":8.999698566169686}}