{"mean":{"confidence_interval":{"confidence_level":0.95,"lower_bound":4423859.441666665,"upper_bound":4531148.288888889},"point_estimate":4474684.666666666,"standard_error":27439.761611198643},"median":{"confidence_interval":{"confidence_level":0.95,"lower_bound":4330255.555555556,"upper_bound":4385272.222222222},"point_estimate":4361716.666666667,"standard_error":13783.41713591568},"median_abs_dev":{"confidence_interval":{"confidence_level":0.95,"lower_bound":47270.22916078522,"upper_bound":108485.75249065913},"point_estimate":77548.21528991056,"standard_error":15816.894570604947},"slope":null,"std_dev":{"confidence_interval":{"confidence_level":0.95,"lower_bound":205029.1662142613,"upper_bound":333507.2437183281},"point_estimate":273915.2603426097,"standard_error":32790.10618794172}}