{"mean":{"confidence_interval":{"confidence_level":0.95,"lower_bound":41982618.9375,"upper_bound":42097184.5625},"point_estimate":42036156.5,"standard_error":29242.704331148558},"median":{"confidence_interval":{"confidence_level":0.95,"lower_bound":41929950.0,"upper_bound":41988850.0},"point_estimate":41943475.0,"standard_error":13942.992590226468},"median_abs_dev":{"confidence_interval":{"confidence_level":0.95,"lower_bound":76687.48363852501,"upper_bound":131951.3976573944},"point_estimate":102114.07318711281,"standard_error":14613.635528208819},"slope":null,"std_dev":{"confidence_interval":{"confidence_level":0.95,"lower_bound":188356.8527018272,"upper_bound":380247.27108399366},"point_estimate":293763.2035850568,"standard_error":49055.28561234768}}