{"mean":{"confidence_interval":{"confidence_level":0.95,"lower_bound":457756.2940500229,"upper_bound":466059.5524949804},"point_estimate":461645.52992407366,"standard_error":2111.3556320925304},"median":{"confidence_interval":{"confidence_level":0.95,"lower_bound":452671.3030059044,"upper_bound":457301.7401021711},"point_estimate":455206.62162162166,"standard_error":1485.2117754343726},"median_abs_dev":{"confidence_interval":{"confidence_level":0.95,"lower_bound":6278.693221864183,"upper_bound":14609.062618621007},"point_estimate":10440.23316244403,"standard_error":2239.474051809684},"slope":{"confidence_interval":{"confidence_level":0.95,"lower_bound":458196.26918034063,"upper_bound":465349.4089630674},"point_estimate":461473.96345007635,"standard_error":1835.7678657297347},"std_dev":{"confidence_interval":{"confidence_level":0.95,"lower_bound":14002.820743677905,"upper_bound":27386.57329452767},"point_estimate":21298.807529649643,"standard_error":3436.036364751567}}