{"mean":{"confidence_interval":{"confidence_level":0.95,"lower_bound":3469760.4062500005,"upper_bound":3592026.1666666684},"point_estimate":3531204.833333334,"standard_error":31307.003572042253},"median":{"confidence_interval":{"confidence_level":0.95,"lower_bound":3506533.333333333,"upper_bound":3608350.0},"point_estimate":3575370.8333333335,"standard_error":23312.46287292474},"median_abs_dev":{"confidence_interval":{"confidence_level":0.95,"lower_bound":194103.2240539788,"upper_bound":389262.8005892036},"point_estimate":257163.14293444133,"standard_error":46274.56152318655},"slope":null,"std_dev":{"confidence_interval":{"confidence_level":0.95,"lower_bound":274321.3376385652,"upper_bound":348839.8739365235},"point_estimate":314482.14455972787,"standard_error":18986.990347815023}}