{"mean":{"confidence_interval":{"confidence_level":0.95,"lower_bound":53372425.0,"upper_bound":53698366.15},"point_estimate":53526655.0,"standard_error":83380.17085880427},"median":{"confidence_interval":{"confidence_level":0.95,"lower_bound":53182800.0,"upper_bound":53400900.0},"point_estimate":53335550.0,"standard_error":55651.9866634385},"median_abs_dev":{"confidence_interval":{"confidence_level":0.95,"lower_bound":354267.2637104988,"upper_bound":640409.0586304665},"point_estimate":533365.3405308723,"standard_error":79924.12186585902},"slope":null,"std_dev":{"confidence_interval":{"confidence_level":0.95,"lower_bound":588069.6908695466,"upper_bound":1051011.7584514827},"point_estimate":836053.1549211063,"standard_error":118397.48707969952}}