{"mean":{"confidence_interval":{"confidence_level":0.95,"lower_bound":69464061.5,"upper_bound":71399204.3},"point_estimate":70310351.0,"standard_error":498407.07311151526},"median":{"confidence_interval":{"confidence_level":0.95,"lower_bound":68436250.0,"upper_bound":68905100.0},"point_estimate":68625750.0,"standard_error":131717.30387303483},"median_abs_dev":{"confidence_interval":{"confidence_level":0.95,"lower_bound":512088.1776586177,"upper_bound":1161320.5593824387},"point_estimate":739150.2168774605,"standard_error":178572.77156187312},"slope":null,"std_dev":{"confidence_interval":{"confidence_level":0.95,"lower_bound":2315836.0826266147,"upper_bound":7562215.938870755},"point_estimate":5009227.303797473,"standard_error":1469677.6046090948}}