{"mean":{"confidence_interval":{"confidence_level":0.95,"lower_bound":-0.02566274446424048,"upper_bound":-0.006256400488301744},"point_estimate":-0.0155995157496297,"standard_error":0.0048879325785593794},"median":{"confidence_interval":{"confidence_level":0.95,"lower_bound":-0.020795376714830203,"upper_bound":-0.007232843744348627},"point_estimate":-0.013627986333528574,"standard_error":0.003572368769295892}}