{"mean":{"confidence_interval":{"confidence_level":0.95,"lower_bound":19956027.374999996,"upper_bound":20530133.999999993},"point_estimate":20229929.333333332,"standard_error":147116.18130179486},"median":{"confidence_interval":{"confidence_level":0.95,"lower_bound":19492733.333333332,"upper_bound":20002400.0},"point_estimate":19724216.666666664,"standard_error":121721.30595560085},"median_abs_dev":{"confidence_interval":{"confidence_level":0.95,"lower_bound":554121.7401623726,"upper_bound":1026403.9617776871},"point_estimate":783603.5060882522,"standard_error":115704.2591376537},"slope":null,"std_dev":{"confidence_interval":{"confidence_level":0.95,"lower_bound":1093726.6723943518,"upper_bound":1802281.9978513303},"point_estimate":1475750.5128925357,"standard_error":180915.88450701552}}