{"mean":{"confidence_interval":{"confidence_level":0.95,"lower_bound":173355.91380112877,"upper_bound":177260.64128839443},"point_estimate":175081.9433766109,"standard_error":999.1834963836598},"median":{"confidence_interval":{"confidence_level":0.95,"lower_bound":172008.38566827698,"upper_bound":172630.12896825396},"point_estimate":172184.1386554622,"standard_error":169.92594701359317},"median_abs_dev":{"confidence_interval":{"confidence_level":0.95,"lower_bound":796.7496074765014,"upper_bound":1587.882239960439},"point_estimate":1009.7696548404067,"standard_error":218.59650219378796},"slope":{"confidence_interval":{"confidence_level":0.95,"lower_bound":172983.4966315679,"upper_bound":177285.84012649657},"point_estimate":174686.81528003546,"standard_error":1130.2028091439518},"std_dev":{"confidence_interval":{"confidence_level":0.95,"lower_bound":4018.909983108281,"upper_bound":14347.846128090723},"point_estimate":10020.19219450301,"standard_error":2561.8717359489833}}