{"mean":{"confidence_interval":{"confidence_level":0.95,"lower_bound":17955268.95833333,"upper_bound":18229316.76666667},"point_estimate":18088877.000000004,"standard_error":69982.27142523421},"median":{"confidence_interval":{"confidence_level":0.95,"lower_bound":17726833.333333336,"upper_bound":18114066.666666664},"point_estimate":17969533.333333336,"standard_error":113215.26060050348},"median_abs_dev":{"confidence_interval":{"confidence_level":0.95,"lower_bound":464819.801747798,"upper_bound":790102.2359728804},"point_estimate":650886.0984444609,"standard_error":86532.36174480524},"slope":null,"std_dev":{"confidence_interval":{"confidence_level":0.95,"lower_bound":585239.2990936947,"upper_bound":807019.7135677201},"point_estimate":703208.9190340884,"standard_error":56699.57727458008}}