{"mean":{"confidence_interval":{"confidence_level":0.95,"lower_bound":23727433.21875,"upper_bound":24353833.802083336},"point_estimate":24037696.25,"standard_error":160467.51149864498},"median":{"confidence_interval":{"confidence_level":0.95,"lower_bound":23446275.0,"upper_bound":24520941.666666664},"point_estimate":23864200.0,"standard_error":383216.78117935336},"median_abs_dev":{"confidence_interval":{"confidence_level":0.95,"lower_bound":732849.1669893265,"upper_bound":1492644.5885002613},"point_estimate":1080914.2208099384,"standard_error":192272.98702900816},"slope":null,"std_dev":{"confidence_interval":{"confidence_level":0.95,"lower_bound":825093.642181734,"upper_bound":1195829.8849708138},"point_estimate":1025333.6489382962,"standard_error":94919.02990531511}}