{"mean":{"confidence_interval":{"confidence_level":0.95,"lower_bound":1800016.3078125,"upper_bound":1843805.9890625},"point_estimate":1821853.25,"standard_error":11188.856214575366},"median":{"confidence_interval":{"confidence_level":0.95,"lower_bound":1803687.5,"upper_bound":1848693.75},"point_estimate":1827496.875,"standard_error":11856.93794867944},"median_abs_dev":{"confidence_interval":{"confidence_level":0.95,"lower_bound":68871.4019022882,"upper_bound":118811.85539066792},"point_estimate":88488.05280402303,"standard_error":12688.90437800304},"slope":null,"std_dev":{"confidence_interval":{"confidence_level":0.95,"lower_bound":92960.82089252317,"upper_bound":133121.61902675737},"point_estimate":112620.81781436666,"standard_error":10325.941303241112}}