{"mean":{"confidence_interval":{"confidence_level":0.95,"lower_bound":9875365.99583334,"upper_bound":10039062.329166666},"point_estimate":9947637.500000002,"standard_error":42113.9393816245},"median":{"confidence_interval":{"confidence_level":0.95,"lower_bound":9799391.666666668,"upper_bound":9886325.0},"point_estimate":9843600.0,"standard_error":21071.79040076094},"median_abs_dev":{"confidence_interval":{"confidence_level":0.95,"lower_bound":113974.87297654152,"upper_bound":208737.72129416373},"point_estimate":166495.97704410553,"standard_error":24960.92333667942},"slope":null,"std_dev":{"confidence_interval":{"confidence_level":0.95,"lower_bound":192090.1976119203,"upper_bound":613847.6433798563},"point_estimate":421493.3317054233,"standard_error":110217.99265566001}}