{"mean":{"confidence_interval":{"confidence_level":0.95,"lower_bound":-0.050145317006946744,"upper_bound":-0.003451455636931847},"point_estimate":-0.02672627030071051,"standard_error":0.01198083353091545},"median":{"confidence_interval":{"confidence_level":0.95,"lower_bound":-0.0808507557305026,"upper_bound":-0.04028651348651335},"point_estimate":-0.0558780024493285,"standard_error":0.01085726006575611}}