{"mean":{"confidence_interval":{"confidence_level":0.95,"lower_bound":46367448.145833336,"upper_bound":47134044.79166667},"point_estimate":46743528.333333336,"standard_error":195654.12809298403},"median":{"confidence_interval":{"confidence_level":0.95,"lower_bound":46237366.66666667,"upper_bound":47337466.66666667},"point_estimate":46481150.0,"standard_error":267383.0138616581},"median_abs_dev":{"confidence_interval":{"confidence_level":0.95,"lower_bound":794228.80589962,"upper_bound":1690057.0992454812},"point_estimate":1353416.095972063,"standard_error":226896.9389712827},"slope":null,"std_dev":{"confidence_interval":{"confidence_level":0.95,"lower_bound":974216.2528877705,"upper_bound":1487801.8466524724},"point_estimate":1254222.5842786164,"standard_error":131402.45223047835}}