{"mean":{"confidence_interval":{"confidence_level":0.95,"lower_bound":275411424.4375,"upper_bound":275973638.125},"point_estimate":275678295.0,"standard_error":143481.0091775915},"median":{"confidence_interval":{"confidence_level":0.95,"lower_bound":275347400.0,"upper_bound":275698250.0},"point_estimate":275520500.0,"standard_error":82156.4382198161},"median_abs_dev":{"confidence_interval":{"confidence_level":0.95,"lower_bound":323873.96425008774,"upper_bound":902829.2539715767},"point_estimate":664797.8281974792,"standard_error":149728.41265391328},"slope":null,"std_dev":{"confidence_interval":{"confidence_level":0.95,"lower_bound":608623.2108989215,"upper_bound":1158752.2084052793},"point_estimate":920148.2168650874,"standard_error":140576.50198117594}}