{"mean":{"confidence_interval":{"confidence_level":0.95,"lower_bound":0.16934453161458646,"upper_bound":0.20939118690275244},"point_estimate":0.18639390638508035,"standard_error":0.00978719425313496},"median":{"confidence_interval":{"confidence_level":0.95,"lower_bound":0.16257311399077112,"upper_bound":0.1695756244490132},"point_estimate":0.1654168765193571,"standard_error":0.0017886474681484091}}