{"mean":{"confidence_interval":{"confidence_level":0.95,"lower_bound":-0.03818309168070286,"upper_bound":-0.02329641425283819},"point_estimate":-0.030853345210518968,"standard_error":0.003796729752217946},"median":{"confidence_interval":{"confidence_level":0.95,"lower_bound":-0.03989625581624745,"upper_bound":-0.02482442545858684},"point_estimate":-0.03223382763539617,"standard_error":0.003933643670385898}}