{"mean":{"confidence_interval":{"confidence_level":0.95,"lower_bound":57881599.825,"upper_bound":58554074.3},"point_estimate":58174422.0,"standard_error":174144.26008927354},"median":{"confidence_interval":{"confidence_level":0.95,"lower_bound":57632200.0,"upper_bound":57850576.249999985},"point_estimate":57779350.0,"standard_error":52680.272946260426},"median_abs_dev":{"confidence_interval":{"confidence_level":0.95,"lower_bound":348114.47381973267,"upper_bound":579918.97970438},"point_estimate":454342.76193380356,"standard_error":58382.07923282704},"slope":null,"std_dev":{"confidence_interval":{"confidence_level":0.95,"lower_bound":764157.2973521685,"upper_bound":2659587.394288443},"point_estimate":1751154.2437979921,"standard_error":522840.93185055006}}