{"mean":{"confidence_interval":{"confidence_level":0.95,"lower_bound":-0.004790688932791634,"upper_bound":0.1219245875931137},"point_estimate":0.05158461171184725,"standard_error":0.03280372414435592},"median":{"confidence_interval":{"confidence_level":0.95,"lower_bound":0.03280388291596652,"upper_bound":0.05020299515930371},"point_estimate":0.04178734319183408,"standard_error":0.004491592556243499}}