{"mean":{"confidence_interval":{"confidence_level":0.95,"lower_bound":169574726.3,"upper_bound":174168406.4},"point_estimate":171827900.0,"standard_error":1175304.1612273501},"median":{"confidence_interval":{"confidence_level":0.95,"lower_bound":165042500.0,"upper_bound":173605400.0},"point_estimate":169053300.0,"standard_error":2307815.485159445},"median_abs_dev":{"confidence_interval":{"confidence_level":0.95,"lower_bound":8161199.504859751,"upper_bound":15610591.642856598},"point_estimate":12763480.78340292,"standard_error":2133110.1202363465},"slope":null,"std_dev":{"confidence_interval":{"confidence_level":0.95,"lower_bound":10215666.146626012,"upper_bound":13302458.235801829},"point_estimate":11841743.989792973,"standard_error":787923.7287751121}}