{"mean":{"confidence_interval":{"confidence_level":0.95,"lower_bound":-0.27883171352685565,"upper_bound":-0.2237919890393622},"point_estimate":-0.2520857487104793,"standard_error":0.014068320345978094},"median":{"confidence_interval":{"confidence_level":0.95,"lower_bound":-0.2812820243911763,"upper_bound":-0.23750341618650206},"point_estimate":-0.2619193198939733,"standard_error":0.011790992522086876}}