{"mean":{"confidence_interval":{"confidence_level":0.95,"lower_bound":0.07748536606697182,"upper_bound":0.22543469716022402},"point_estimate":0.15056741869355617,"standard_error":0.035743919777893},"median":{"confidence_interval":{"confidence_level":0.95,"lower_bound":-0.01353038846785437,"upper_bound":0.03751907896881401},"point_estimate":0.008954607349274113,"standard_error":0.012361093190543815}}