{"mean":{"confidence_interval":{"confidence_level":0.95,"lower_bound":109856942.75,"upper_bound":110483461.725},"point_estimate":110138497.0,"standard_error":160677.3547175361},"median":{"confidence_interval":{"confidence_level":0.95,"lower_bound":109539000.0,"upper_bound":109959900.0},"point_estimate":109754600.0,"standard_error":132531.60416801914},"median_abs_dev":{"confidence_interval":{"confidence_level":0.95,"lower_bound":561382.7735334638,"upper_bound":1063913.7411117554},"point_estimate":841301.3550639153,"standard_error":135581.7723375362},"slope":null,"std_dev":{"confidence_interval":{"confidence_level":0.95,"lower_bound":848261.1674468985,"upper_bound":2365536.507123726},"point_estimate":1613148.6314542212,"standard_error":413425.8707463588}}