{"mean":{"confidence_interval":{"confidence_level":0.95,"lower_bound":-0.4434792952087992,"upper_bound":-0.43004699952570324},"point_estimate":-0.4363749832173961,"standard_error":0.0034155476841332775},"median":{"confidence_interval":{"confidence_level":0.95,"lower_bound":-0.4439582233458983,"upper_bound":-0.43208996177118997},"point_estimate":-0.4370258115413982,"standard_error":0.0031712203362785196}}