{"mean":{"confidence_interval":{"confidence_level":0.95,"lower_bound":30515647.275,"upper_bound":31071412.6125},"point_estimate":30787148.0,"standard_error":140961.76064799735},"median":{"confidence_interval":{"confidence_level":0.95,"lower_bound":30521110.0,"upper_bound":31055750.0},"point_estimate":30782930.0,"standard_error":136164.24135040655},"median_abs_dev":{"confidence_interval":{"confidence_level":0.95,"lower_bound":437826.5982270241,"upper_bound":1285962.7391695976},"point_estimate":697874.6336102486,"standard_error":225619.7455516386},"slope":null,"std_dev":{"confidence_interval":{"confidence_level":0.95,"lower_bound":669945.8781898291,"upper_bound":1120735.6469759834},"point_estimate":904695.2075931713,"standard_error":116533.62786438002}}