{"mean":{"confidence_interval":{"confidence_level":0.95,"lower_bound":19809545.91666666,"upper_bound":20274047.849999998},"point_estimate":20023686.33333333,"standard_error":118485.88603652066},"median":{"confidence_interval":{"confidence_level":0.95,"lower_bound":19459300.0,"upper_bound":19773200.0},"point_estimate":19576250.0,"standard_error":79897.17846572988},"median_abs_dev":{"confidence_interval":{"confidence_level":0.95,"lower_bound":292022.7748155557,"upper_bound":684392.8578495998},"point_estimate":478830.37149906065,"standard_error":103543.37571971878},"slope":null,"std_dev":{"confidence_interval":{"confidence_level":0.95,"lower_bound":763817.2342344632,"upper_bound":1595237.3961647432},"point_estimate":1187936.2965164657,"standard_error":216564.06447346212}}