{"mean":{"confidence_interval":{"confidence_level":0.95,"lower_bound":1226559.5916666675,"upper_bound":1252561.1650000003},"point_estimate":1238606.9333333336,"standard_error":6677.723559323655},"median":{"confidence_interval":{"confidence_level":0.95,"lower_bound":1212540.0,"upper_bound":1219026.6666666667},"point_estimate":1216386.6666666667,"standard_error":1677.4979811924238},"median_abs_dev":{"confidence_interval":{"confidence_level":0.95,"lower_bound":7373.463869095079,"upper_bound":14756.811738014107},"point_estimate":10664.835810661374,"standard_error":1905.7499661309766},"slope":null,"std_dev":{"confidence_interval":{"confidence_level":0.95,"lower_bound":42856.54171752666,"upper_bound":86557.92569496053},"point_estimate":67105.98409688717,"standard_error":11155.967022866605}}