{"mean":{"confidence_interval":{"confidence_level":0.95,"lower_bound":1503873.7018169553,"upper_bound":1549467.3303225075},"point_estimate":1524734.3488953977,"standard_error":11715.464489985372},"median":{"confidence_interval":{"confidence_level":0.95,"lower_bound":1482671.552238806,"upper_bound":1487478.1512605043},"point_estimate":1484509.139784946,"standard_error":1291.9948589309179},"median_abs_dev":{"confidence_interval":{"confidence_level":0.95,"lower_bound":6688.661750082918,"upper_bound":12521.292559674359},"point_estimate":8941.602205992673,"standard_error":1423.5318346212762},"slope":{"confidence_interval":{"confidence_level":0.95,"lower_bound":1484381.6500102577,"upper_bound":1492052.9489090224},"point_estimate":1487726.9286242058,"standard_error":1968.6972664747186},"std_dev":{"confidence_interval":{"confidence_level":0.95,"lower_bound":72793.36801206053,"upper_bound":158664.2243191169},"point_estimate":117734.94069963809,"standard_error":22127.537881629847}}