{"mean":{"confidence_interval":{"confidence_level":0.95,"lower_bound":20631925.17708333,"upper_bound":21310252.208333336},"point_estimate":20958209.583333336,"standard_error":173625.1949696924},"median":{"confidence_interval":{"confidence_level":0.95,"lower_bound":20368933.333333336,"upper_bound":20978366.666666668},"point_estimate":20723933.333333336,"standard_error":129749.88314524232},"median_abs_dev":{"confidence_interval":{"confidence_level":0.95,"lower_bound":532475.7805466652,"upper_bound":1374320.7556009311},"point_estimate":961157.2079360504,"standard_error":212381.63402527344},"slope":null,"std_dev":{"confidence_interval":{"confidence_level":0.95,"lower_bound":815085.8669502846,"upper_bound":1338020.2401145457},"point_estimate":1110673.5877397421,"standard_error":133372.4335962407}}