{"mean":{"confidence_interval":{"confidence_level":0.95,"lower_bound":300356891.4,"upper_bound":311630208.4},"point_estimate":305743129.0,"standard_error":2884447.767503275},"median":{"confidence_interval":{"confidence_level":0.95,"lower_bound":294604900.0,"upper_bound":302341400.0},"point_estimate":298925500.0,"standard_error":2050935.9086280535},"median_abs_dev":{"confidence_interval":{"confidence_level":0.95,"lower_bound":12520927.427709103,"upper_bound":21173232.61409998},"point_estimate":16623133.29488039,"standard_error":2320827.842495143},"slope":null,"std_dev":{"confidence_interval":{"confidence_level":0.95,"lower_bound":21581874.813624598,"upper_bound":35000101.65863842},"point_estimate":28906782.864081748,"standard_error":3422730.9113230114}}