{"mean":{"confidence_interval":{"confidence_level":0.95,"lower_bound":21686.54059495669,"upper_bound":22275.46333677989},"point_estimate":21965.96969510096,"standard_error":150.32057053888977},"median":{"confidence_interval":{"confidence_level":0.95,"lower_bound":21073.384963768116,"upper_bound":21555.946557971016},"point_estimate":21163.831175679596,"standard_error":133.85457733931105},"median_abs_dev":{"confidence_interval":{"confidence_level":0.95,"lower_bound":176.30495158010675,"upper_bound":878.1677116821344},"point_estimate":403.41672551036044,"standard_error":177.00962022394927},"slope":{"confidence_interval":{"confidence_level":0.95,"lower_bound":21735.77711247083,"upper_bound":22337.660606035533},"point_estimate":22020.8113157844,"standard_error":153.80246218021193},"std_dev":{"confidence_interval":{"confidence_level":0.95,"lower_bound":1107.133562248571,"upper_bound":1977.982095127976},"point_estimate":1513.4864374191757,"standard_error":245.91595183681514}}