{"mean":{"confidence_interval":{"confidence_level":0.95,"lower_bound":1899.6048420760956,"upper_bound":2026.7844714782607},"point_estimate":1963.2143322180834,"standard_error":32.42879156623934},"median":{"confidence_interval":{"confidence_level":0.95,"lower_bound":1795.518647500494,"upper_bound":2080.705464918897},"point_estimate":1947.9349218940688,"standard_error":71.71843594275228},"median_abs_dev":{"confidence_interval":{"confidence_level":0.95,"lower_bound":321.32696250268816,"upper_bound":544.9097238921994},"point_estimate":474.9486738115813,"standard_error":57.01494521350601},"slope":{"confidence_interval":{"confidence_level":0.95,"lower_bound":1811.5501431234927,"upper_bound":1986.353397900686},"point_estimate":1893.2006037353597,"standard_error":44.57281930863744},"std_dev":{"confidence_interval":{"confidence_level":0.95,"lower_bound":298.125508354615,"upper_bound":348.75053982388},"point_estimate":325.9216408500733,"standard_error":12.937327856496717}}