{"mean":{"confidence_interval":{"confidence_level":0.95,"lower_bound":-0.0860652321848703,"upper_bound":-0.06490688519226737},"point_estimate":-0.07571947222939901,"standard_error":0.005433229873322458},"median":{"confidence_interval":{"confidence_level":0.95,"lower_bound":-0.08082850357872362,"upper_bound":-0.07017223040556186},"point_estimate":-0.07353232624356631,"standard_error":0.002858549384323029}}