{"mean":{"confidence_interval":{"confidence_level":0.95,"lower_bound":13935296.2625,"upper_bound":14213039.05},"point_estimate":14060196.75,"standard_error":71302.95998951397},"median":{"confidence_interval":{"confidence_level":0.95,"lower_bound":13828800.0,"upper_bound":13862300.0},"point_estimate":13849012.5,"standard_error":8096.0203310414945},"median_abs_dev":{"confidence_interval":{"confidence_level":0.95,"lower_bound":53002.94905900955,"upper_bound":91031.63838386536},"point_estimate":74407.98617899418,"standard_error":9005.906512307352},"slope":null,"std_dev":{"confidence_interval":{"confidence_level":0.95,"lower_bound":362886.46503476275,"upper_bound":1009425.8289933935},"point_estimate":716741.3974484459,"standard_error":166112.81738477986}}