{"mean":{"confidence_interval":{"confidence_level":0.95,"lower_bound":-0.3220880610733777,"upper_bound":-0.3102064613494783},"point_estimate":-0.3163717534570857,"standard_error":0.003061760988399738},"median":{"confidence_interval":{"confidence_level":0.95,"lower_bound":-0.3286441506579447,"upper_bound":-0.3216213617174938},"point_estimate":-0.3247974004277041,"standard_error":0.002729103988023446}}