{"mean":{"confidence_interval":{"confidence_level":0.95,"lower_bound":256024611.6,"upper_bound":258405517.5},"point_estimate":257175947.0,"standard_error":608155.4540808516},"median":{"confidence_interval":{"confidence_level":0.95,"lower_bound":254604100.0,"upper_bound":257295900.0},"point_estimate":255808300.0,"standard_error":590009.4989336181},"median_abs_dev":{"confidence_interval":{"confidence_level":0.95,"lower_bound":3495970.7379341125,"upper_bound":5970578.354001045},"point_estimate":4536681.789457798,"standard_error":639026.3744942388},"slope":null,"std_dev":{"confidence_interval":{"confidence_level":0.95,"lower_bound":4846849.471445804,"upper_bound":7277842.6957116565},"point_estimate":6109860.388863648,"standard_error":623778.7127822766}}