{"mean":{"confidence_interval":{"confidence_level":0.95,"lower_bound":18463842.071428567,"upper_bound":18621172.232142854},"point_estimate":18525250.0,"standard_error":42055.724063333015},"median":{"confidence_interval":{"confidence_level":0.95,"lower_bound":18436050.0,"upper_bound":18481207.14285714},"point_estimate":18449085.714285716,"standard_error":11572.019869785849},"median_abs_dev":{"confidence_interval":{"confidence_level":0.95,"lower_bound":29186.039481844615,"upper_bound":81564.17855194597},"point_estimate":47644.40915414581,"standard_error":12760.488897178808},"slope":null,"std_dev":{"confidence_interval":{"confidence_level":0.95,"lower_bound":72092.4131627221,"upper_bound":436457.1102165972},"point_estimate":269193.14247200044,"standard_error":119877.13904130382}}