{"mean":{"confidence_interval":{"confidence_level":0.95,"lower_bound":1096975.1721153846,"upper_bound":1113090.6576923076},"point_estimate":1104616.1923076923,"standard_error":4123.262621491164},"median":{"confidence_interval":{"confidence_level":0.95,"lower_bound":1084030.7692307692,"upper_bound":1090555.7692307692},"point_estimate":1086569.2307692308,"standard_error":1712.7240432659953},"median_abs_dev":{"confidence_interval":{"confidence_level":0.95,"lower_bound":6378.031040613361,"upper_bound":13788.179755210704},"point_estimate":8510.69407967422,"standard_error":1881.6319909896201},"slope":null,"std_dev":{"confidence_interval":{"confidence_level":0.95,"lower_bound":30939.97750185045,"upper_bound":49734.6118186935},"point_estimate":41374.13172879809,"standard_error":4804.033044964131}}