{"mean":{"confidence_interval":{"confidence_level":0.95,"lower_bound":-0.36234745172458305,"upper_bound":-0.35104555687338396},"point_estimate":-0.3562914269955073,"standard_error":0.002891051142936251},"median":{"confidence_interval":{"confidence_level":0.95,"lower_bound":-0.3508029198497836,"upper_bound":-0.34801499871759245},"point_estimate":-0.3494054780409481,"standard_error":0.0006588582050410425}}