{"mean":{"confidence_interval":{"confidence_level":0.95,"lower_bound":1663771.523724851,"upper_bound":1720392.8574570755},"point_estimate":1691589.2310995006,"standard_error":14472.382048644107},"median":{"confidence_interval":{"confidence_level":0.95,"lower_bound":1648521.9047619049,"upper_bound":1731940.9638554216},"point_estimate":1694906.7510548523,"standard_error":20563.133026101797},"median_abs_dev":{"confidence_interval":{"confidence_level":0.95,"lower_bound":117085.33242131986,"upper_bound":200402.30239959474},"point_estimate":158511.05177062962,"standard_error":20628.44602865677},"slope":{"confidence_interval":{"confidence_level":0.95,"lower_bound":1703679.2555790371,"upper_bound":1789792.2550282734},"point_estimate":1746005.6181468894,"standard_error":22078.29443408048},"std_dev":{"confidence_interval":{"confidence_level":0.95,"lower_bound":123614.7612833324,"upper_bound":166683.00858595036},"point_estimate":145678.632393539,"standard_error":11047.267402527548}}