{"mean":{"confidence_interval":{"confidence_level":0.95,"lower_bound":-0.046586458442093005,"upper_bound":0.0033458056911461593},"point_estimate":-0.021821711766082386,"standard_error":0.01272714027028028},"median":{"confidence_interval":{"confidence_level":0.95,"lower_bound":-0.03383878115312433,"upper_bound":0.022461471576146863},"point_estimate":-0.012472279235138717,"standard_error":0.014188509339927591}}