{"mean":{"confidence_interval":{"confidence_level":0.95,"lower_bound":4755225.454545457,"upper_bound":4788224.090909091},"point_estimate":4768663.72727273,"standard_error":8638.823927135138},"median":{"confidence_interval":{"confidence_level":0.95,"lower_bound":4750150.0,"upper_bound":4758436.363636363},"point_estimate":4753554.545454545,"standard_error":2185.626068227964},"median_abs_dev":{"confidence_interval":{"confidence_level":0.95,"lower_bound":12757.09886442525,"upper_bound":20534.009635448456},"point_estimate":17097.07333282878,"standard_error":1863.897800553334},"slope":null,"std_dev":{"confidence_interval":{"confidence_level":0.95,"lower_bound":16512.547299331833,"upper_bound":140346.15575945808},"point_estimate":87015.51567068177,"standard_error":34401.38438927624}}