{"mean":{"confidence_interval":{"confidence_level":0.95,"lower_bound":20640722.95833334,"upper_bound":21029733.218750004},"point_estimate":20815165.000000004,"standard_error":99694.75434813669},"median":{"confidence_interval":{"confidence_level":0.95,"lower_bound":20526900.0,"upper_bound":20736883.333333336},"point_estimate":20597491.666666664,"standard_error":55344.13097699196},"median_abs_dev":{"confidence_interval":{"confidence_level":0.95,"lower_bound":155228.21724414825,"upper_bound":378211.25328541355},"point_estimate":244863.7406528033,"standard_error":54163.740647510094},"slope":null,"std_dev":{"confidence_interval":{"confidence_level":0.95,"lower_bound":322574.62753276434,"upper_bound":902272.9235343942},"point_estimate":636697.6905091734,"standard_error":156797.60993402323}}