{"mean":{"confidence_interval":{"confidence_level":0.95,"lower_bound":22383972.566666663,"upper_bound":22956201.808333322},"point_estimate":22654921.999999996,"standard_error":146233.6526618055},"median":{"confidence_interval":{"confidence_level":0.95,"lower_bound":21845366.666666668,"upper_bound":22483216.666666668},"point_estimate":22241016.666666664,"standard_error":185179.749009573},"median_abs_dev":{"confidence_interval":{"confidence_level":0.95,"lower_bound":603566.4492845535,"upper_bound":1313287.056684494},"point_estimate":1010317.7520632716,"standard_error":183699.3738638787},"slope":null,"std_dev":{"confidence_interval":{"confidence_level":0.95,"lower_bound":1090968.0262557678,"upper_bound":1815529.951681504},"point_estimate":1471672.6879638578,"standard_error":185279.51887300357}}