{"mean":{"confidence_interval":{"confidence_level":0.95,"lower_bound":246530709.5,"upper_bound":247858983.5625},"point_estimate":247182750.0,"standard_error":338633.9105003787},"median":{"confidence_interval":{"confidence_level":0.95,"lower_bound":245986150.0,"upper_bound":247386250.0},"point_estimate":246767100.0,"standard_error":347048.3522197379},"median_abs_dev":{"confidence_interval":{"confidence_level":0.95,"lower_bound":1151387.139558792,"upper_bound":3258309.9621534348},"point_estimate":2445029.746592045,"standard_error":584970.3769716691},"slope":null,"std_dev":{"confidence_interval":{"confidence_level":0.95,"lower_bound":1716371.606812088,"upper_bound":2534833.5566764735},"point_estimate":2166942.2348624733,"standard_error":208891.79552209403}}