{"mean":{"confidence_interval":{"confidence_level":0.95,"lower_bound":11535545.620000001,"upper_bound":11838871.79},"point_estimate":11688650.6,"standard_error":77295.54676837352},"median":{"confidence_interval":{"confidence_level":0.95,"lower_bound":11609730.0,"upper_bound":11984810.0},"point_estimate":11862950.0,"standard_error":103570.29833389804},"median_abs_dev":{"confidence_interval":{"confidence_level":0.95,"lower_bound":511067.03692674637,"upper_bound":924371.4315891266},"point_estimate":706948.1454491615,"standard_error":110728.89132403677},"slope":null,"std_dev":{"confidence_interval":{"confidence_level":0.95,"lower_bound":671398.7299182897,"upper_bound":867718.2305921473},"point_estimate":775888.5617810499,"standard_error":50066.55164515204}}