{"mean":{"confidence_interval":{"confidence_level":0.95,"lower_bound":21118475.57291667,"upper_bound":21399289.770833332},"point_estimate":21244276.25,"standard_error":72111.67810477645},"median":{"confidence_interval":{"confidence_level":0.95,"lower_bound":21018716.666666668,"upper_bound":21251258.333333336},"point_estimate":21112541.666666664,"standard_error":52971.04619272018},"median_abs_dev":{"confidence_interval":{"confidence_level":0.95,"lower_bound":141823.04248213585,"upper_bound":360889.5435929317},"point_estimate":263173.8503277311,"standard_error":57239.82014457434},"slope":null,"std_dev":{"confidence_interval":{"confidence_level":0.95,"lower_bound":238997.8901473877,"upper_bound":667944.222929747},"point_estimate":461957.4581258058,"standard_error":121665.8694026698}}