{"mean":{"confidence_interval":{"confidence_level":0.95,"lower_bound":-0.3264897159419602,"upper_bound":-0.32404184481476156},"point_estimate":-0.3252552804909685,"standard_error":0.0006203008632155906},"median":{"confidence_interval":{"confidence_level":0.95,"lower_bound":-0.32637500346047865,"upper_bound":-0.3240611987202947},"point_estimate":-0.32532687415535466,"standard_error":0.0005710212374993781}}