{"mean":{"confidence_interval":{"confidence_level":0.95,"lower_bound":0.0869402478969302,"upper_bound":0.11667547828757503},"point_estimate":0.10078805519977174,"standard_error":0.007624062317150207},"median":{"confidence_interval":{"confidence_level":0.95,"lower_bound":0.07101444172737903,"upper_bound":0.0848509365574075},"point_estimate":0.07843245393480514,"standard_error":0.0037374892341401076}}