{"mean":{"confidence_interval":{"confidence_level":0.95,"lower_bound":0.031096382299163033,"upper_bound":0.10927408651998279},"point_estimate":0.06929906509327188,"standard_error":0.020035986949257865},"median":{"confidence_interval":{"confidence_level":0.95,"lower_bound":0.007826111810343251,"upper_bound":0.11654734244249965},"point_estimate":0.05946325054139523,"standard_error":0.029990670786548795}}