{"mean":{"confidence_interval":{"confidence_level":0.95,"lower_bound":20425484.875,"upper_bound":21010308.635416664},"point_estimate":20704654.583333336,"standard_error":149422.05380288782},"median":{"confidence_interval":{"confidence_level":0.95,"lower_bound":20176083.333333332,"upper_bound":20923883.333333332},"point_estimate":20663916.666666664,"standard_error":207890.9122377967},"median_abs_dev":{"confidence_interval":{"confidence_level":0.95,"lower_bound":563449.7649967717,"upper_bound":1295446.4370012302},"point_estimate":887879.7042369805,"standard_error":192859.2871976638},"slope":null,"std_dev":{"confidence_interval":{"confidence_level":0.95,"lower_bound":673377.460623013,"upper_bound":1213939.7355235314},"point_estimate":957924.8077821633,"standard_error":141386.68899830582}}