{"mean":{"confidence_interval":{"confidence_level":0.95,"lower_bound":16389197.391666664,"upper_bound":17308102.566666663},"point_estimate":16848454.666666664,"standard_error":233955.26233269132},"median":{"confidence_interval":{"confidence_level":0.95,"lower_bound":15915816.666666668,"upper_bound":17308100.0},"point_estimate":16559300.0,"standard_error":421434.02486401814},"median_abs_dev":{"confidence_interval":{"confidence_level":0.95,"lower_bound":2106453.3326029787,"upper_bound":3678725.894689559},"point_estimate":2690350.622236729,"standard_error":402939.75987861695},"slope":null,"std_dev":{"confidence_interval":{"confidence_level":0.95,"lower_bound":2130809.694394513,"upper_bound":2540458.3303757673},"point_estimate":2353503.7517654314,"standard_error":104548.18764007522}}