{"mean":{"confidence_interval":{"confidence_level":0.95,"lower_bound":-0.15725971928608165,"upper_bound":-0.09475974132229194},"point_estimate":-0.12646346210737536,"standard_error":0.01594934920699696},"median":{"confidence_interval":{"confidence_level":0.95,"lower_bound":-0.0851025626365175,"upper_bound":-0.02080369981249397},"point_estimate":-0.031526272951988954,"standard_error":0.01750666118584495}}