{"mean":{"confidence_interval":{"confidence_level":0.95,"lower_bound":14110439.55,"upper_bound":14493528.625},"point_estimate":14293867.5,"standard_error":97932.52287585556},"median":{"confidence_interval":{"confidence_level":0.95,"lower_bound":13839200.0,"upper_bound":14048500.0},"point_estimate":13907137.5,"standard_error":57307.87782018969},"median_abs_dev":{"confidence_interval":{"confidence_level":0.95,"lower_bound":355379.21369075775,"upper_bound":790985.6184571981},"point_estimate":551286.2677127123,"standard_error":120441.73749405712},"slope":null,"std_dev":{"confidence_interval":{"confidence_level":0.95,"lower_bound":768581.1481547011,"upper_bound":1170435.8579271107},"point_estimate":983774.9620997136,"standard_error":102995.35036795268}}