{"mean":{"confidence_interval":{"confidence_level":0.95,"lower_bound":2672215.7140625,"upper_bound":2750881.36875},"point_estimate":2708700.5,"standard_error":20113.130126604283},"median":{"confidence_interval":{"confidence_level":0.95,"lower_bound":2616578.125,"upper_bound":2634100.0},"point_estimate":2622965.625,"standard_error":4196.5053511239885},"median_abs_dev":{"confidence_interval":{"confidence_level":0.95,"lower_bound":18078.453429043293,"upper_bound":43213.15610781312},"point_estimate":27099.147643893957,"standard_error":5997.841132181444},"slope":null,"std_dev":{"confidence_interval":{"confidence_level":0.95,"lower_bound":135208.06976263665,"upper_bound":272537.56255882053},"point_estimate":202615.38954403752,"standard_error":36766.854121676086}}