{"mean":{"confidence_interval":{"confidence_level":0.95,"lower_bound":2840779.669117648,"upper_bound":2890269.729411765},"point_estimate":2864218.117647059,"standard_error":12670.124137420531},"median":{"confidence_interval":{"confidence_level":0.95,"lower_bound":2808623.529411765,"upper_bound":2831941.1764705884},"point_estimate":2820767.6470588236,"standard_error":5903.077707169728},"median_abs_dev":{"confidence_interval":{"confidence_level":0.95,"lower_bound":33977.70292618706,"upper_bound":63202.36476028618},"point_estimate":46087.05624061497,"standard_error":7201.104726929791},"slope":null,"std_dev":{"confidence_interval":{"confidence_level":0.95,"lower_bound":93612.29199142485,"upper_bound":155539.99865097227},"point_estimate":127787.06674423072,"standard_error":15812.05382561757}}