{"mean":{"confidence_interval":{"confidence_level":0.95,"lower_bound":-0.19711626383856887,"upper_bound":-0.17525059105840918},"point_estimate":-0.1868112411602122,"standard_error":0.0055469521956432325},"median":{"confidence_interval":{"confidence_level":0.95,"lower_bound":-0.2024448914036484,"upper_bound":-0.19155843057747535},"point_estimate":-0.1960436091422033,"standard_error":0.002785992891265581}}