{"mean":{"confidence_interval":{"confidence_level":0.95,"lower_bound":22897.30909148883,"upper_bound":23132.74804167736},"point_estimate":23000.817744231845,"standard_error":60.46855247780206},"median":{"confidence_interval":{"confidence_level":0.95,"lower_bound":22792.92635658915,"upper_bound":22880.447038637132},"point_estimate":22836.780177187153,"standard_error":22.118764454762662},"median_abs_dev":{"confidence_interval":{"confidence_level":0.95,"lower_bound":114.90751703342738,"upper_bound":206.96903608476484},"point_estimate":136.82649511585143,"standard_error":23.209100600117047},"slope":{"confidence_interval":{"confidence_level":0.95,"lower_bound":22896.645086081327,"upper_bound":23083.972889990855},"point_estimate":22982.754303545593,"standard_error":48.109808725456396},"std_dev":{"confidence_interval":{"confidence_level":0.95,"lower_bound":295.41650143348653,"upper_bound":903.3694261477895},"point_estimate":609.4595355158012,"standard_error":164.04436222182176}}