{"mean":{"confidence_interval":{"confidence_level":0.95,"lower_bound":-0.303319576297345,"upper_bound":-0.2852629320956406},"point_estimate":-0.29441558350258534,"standard_error":0.004590014060970426},"median":{"confidence_interval":{"confidence_level":0.95,"lower_bound":-0.31442308721171,"upper_bound":-0.2912580587721524},"point_estimate":-0.3058822930276043,"standard_error":0.0059072341887247545}}