{"mean":{"confidence_interval":{"confidence_level":0.95,"lower_bound":22370856.983333334,"upper_bound":22993992.666666664},"point_estimate":22653570.66666667,"standard_error":160694.26448222026},"median":{"confidence_interval":{"confidence_level":0.95,"lower_bound":22121233.333333332,"upper_bound":22362300.0},"point_estimate":22222350.0,"standard_error":63377.81460763831},"median_abs_dev":{"confidence_interval":{"confidence_level":0.95,"lower_bound":321501.804292202,"upper_bound":591409.1295003891},"point_estimate":401834.01286602113,"standard_error":73859.82115609982},"slope":null,"std_dev":{"confidence_interval":{"confidence_level":0.95,"lower_bound":828725.5320290731,"upper_bound":2230904.7602222944},"point_estimate":1613157.5542599654,"standard_error":354048.4777103192}}