{"mean":{"confidence_interval":{"confidence_level":0.95,"lower_bound":-0.0839696604871773,"upper_bound":-0.021594721613151003},"point_estimate":-0.052360709897399826,"standard_error":0.015957085284078125},"median":{"confidence_interval":{"confidence_level":0.95,"lower_bound":-0.04272006175720777,"upper_bound":-0.018887228643285847},"point_estimate":-0.031207345275393372,"standard_error":0.006117235019660135}}