{"mean":{"confidence_interval":{"confidence_level":0.95,"lower_bound":91389529.65,"upper_bound":92423592.2},"point_estimate":91867306.0,"standard_error":264477.7451286927},"median":{"confidence_interval":{"confidence_level":0.95,"lower_bound":90780700.0,"upper_bound":91331900.0},"point_estimate":91093300.0,"standard_error":139552.69139807904},"median_abs_dev":{"confidence_interval":{"confidence_level":0.95,"lower_bound":736703.9269208908,"upper_bound":1465846.5939760208},"point_estimate":1043972.7714657784,"standard_error":195294.97778237553},"slope":null,"std_dev":{"confidence_interval":{"confidence_level":0.95,"lower_bound":1664720.3863364349,"upper_bound":3610804.1259219702},"point_estimate":2663451.5094508403,"standard_error":505615.89705883025}}