{"mean":{"confidence_interval":{"confidence_level":0.95,"lower_bound":183008.32796396446,"upper_bound":185884.17518247178},"point_estimate":184242.2290252994,"standard_error":739.9757250176891},"median":{"confidence_interval":{"confidence_level":0.95,"lower_bound":181443.45238095237,"upper_bound":184362.5},"point_estimate":183558.89792231255,"standard_error":631.5498360647239},"median_abs_dev":{"confidence_interval":{"confidence_level":0.95,"lower_bound":3413.122774785041,"upper_bound":6094.4407206339865},"point_estimate":5459.215694407445,"standard_error":607.8012320562965},"slope":{"confidence_interval":{"confidence_level":0.95,"lower_bound":182467.0745105873,"upper_bound":184307.76335449022},"point_estimate":183399.76661248214,"standard_error":467.5790417441812},"std_dev":{"confidence_interval":{"confidence_level":0.95,"lower_bound":3696.668110490886,"upper_bound":11407.048035411548},"point_estimate":7410.275036675442,"standard_error":2469.1905723436807}}