{"mean":{"confidence_interval":{"confidence_level":0.95,"lower_bound":-0.04609650179299005,"upper_bound":0.0738587940957473},"point_estimate":0.015657537652321585,"standard_error":0.030658461111483237},"median":{"confidence_interval":{"confidence_level":0.95,"lower_bound":0.03096088946997355,"upper_bound":0.19516722742080228},"point_estimate":0.1354142798644533,"standard_error":0.040553073440235475}}